EPISODE_ID,DURACION,GRANIZO,LAT,LLUVIA,LON,NIEVE,RANGE,T. ELECTRICA,TORNADO,VIENTO,ACCIDENTES,ZONA,CLASE,RIESGO
73398,5.68333333333,0.0,40.992865,3,-86.21423,0,158.38287559,0,0,3,0,13,5,no
65098,0.966666666667,0.0,39.61696,0,-84.96701,0,63.3899790808,0,0,3,0,12,2,no
4025,3.85,0.0,41.2634111111,0,-86.0300962963,0,127.099949792,0,1,3,0,13,4,no
22660,4.96666666667,1.75,39.5924571429,0,-86.4910142857,0,143.334580819,0,0,3,0,7,5,si
61456,1.01666666667,0.88,40.894,0,-85.51,0,65.2609658249,0,0,0,0,8,5,no
14290,5.83333333333,1.0,38.3153421053,3,-86.2416263158,0,88.7131331786,0,0,3,0,1,2,si
32836,2.58333333333,1.75,39.95952,0,-86.31621,0,124.865097599,0,0,3,0,9,5,si
75542,4.51666666667,2.0,40.9831578947,0,-85.6642105263,0,119.082157178,0,0,3,0,8,1,no
65279,5.41666666667,1.75,41.3526125,0,-87.3193875,0,29.1423563115,0,0,3,0,0,4,no
61195,2.16666666667,2.0,39.846628,0,-85.870148,0,75.8258985065,0,0,0,0,9,2,no
61190,4.43333333333,1.75,39.7632310345,2,-86.2203465517,0,211.698757343,0,0,3,1,9,4,si
25380,39.5666666667,0.0,39.00815,2,-85.88735,0,6.29761648842,0,0,0,0,11,2,no
3771,49.1333333333,0.0,38.9989,2,-85.9,0,3.21868,0,0,0,0,11,2,no
3770,71.5666666667,0.0,38.9989,2,-85.9,0,3.21868,0,0,0,0,11,2,no
32014,1.65,0.75,39.290125,0,-86.650825,0,150.61298796,0,0,3,0,7,5,si
1219870,0.716666666667,0.75,38.8875,0,-85.1825,0,28.7010032999,0,0,3,0,5,3,si
1201296,6.41666666667,0.0,38.2333333333,3,-86.11,0,59.9434378972,0,0,3,0,1,2,si
1201297,2.0,0.0,38.3588888889,0,-86.3911111111,0,71.8043880444,0,0,3,0,1,1,si
1201294,1.08333333333,0.0,38.3233333333,0,-86.05,0,67.3912094849,0,0,3,0,1,1,si
1201299,0.833333333333,0.0,38.485,0,-86.225,0,23.1181166033,0,0,3,0,1,1,si
1207821,3.93333333333,2.5,38.4564285714,0,-86.0878571429,0,100.206991325,0,0,3,0,1,1,si
1207826,1.25,1.0,38.3844444444,0,-86.4233333333,0,75.0143013881,0,0,0,0,1,3,si
43503,6.76666666667,0.0,39.8431125,1,-86.8091625,0,168.70768993,0,0,3,0,10,3,si
17032,14.4333333333,0.0,40.0021,2,-87.2122,0,78.414295499,0,0,0,0,10,2,no
62519,1.81666666667,1.0,38.4233333333,0,-87.3966666667,0,34.3144043041,0,0,0,0,3,10,no
52484,0.866666666667,1.0,38.06323,0,-87.55633,0,44.7878262995,0,0,3,0,3,3,no
1213159,2.95,0.75,39.2283333333,0,-85.0083333333,0,55.0037333715,0,0,3,0,5,3,si
75618,4.91666666667,0.0,40.2610833333,2,-85.8937666667,0,22.7666658688,0,0,3,0,2,4,si
65503,1.7,2.5,41.4207636364,0,-87.3222863636,0,45.0323843972,0,0,3,0,0,4,no
1213152,6.7,1.75,39.6224,0,-86.0392,0,154.777489912,0,0,3,0,9,5,si
1213151,9.25,1.0,39.7252941176,3,-86.5123529412,0,203.370488923,0,0,3,0,7,3,si
1213156,4.45,1.0,39.6633333333,0,-85.0133333333,0,81.2832900738,0,0,3,0,12,2,no
79810,0.416666666667,0.0,37.915,0,-87.235,0,22.8597339342,0,0,3,0,3,3,no
1191326,0.5,0.88,41.55,0,-87.035,0,13.6966304832,0,0,0,0,0,2,no
1191325,1.16666666667,0.0,41.0,0,-87.186,0,59.3243887819,0,0,3,0,14,4,no
53025,20.9833333333,0.0,40.7739666667,3,-85.5283166667,0,79.4219673807,0,0,0,0,8,4,no
87366,14.5333333333,0.0,41.3220096774,0,-85.6730806452,0,148.186699397,0,0,3,0,4,1,no
63111,1.33333333333,0.0,38.5387,1,-85.7462333333,0,3.17229412729,0,0,3,0,11,3,no
62463,5.48333333333,0.0,38.3771666667,3,-86.1127166667,0,74.105550414,0,0,3,0,1,2,si
9631,1.0,0.0,38.35,1,-87.57,0,1.32944756907,0,0,0,0,3,8,no
10389,7.35,1.75,40.9533369565,0,-86.0699413043,0,145.37938351,0,2,3,0,13,3,no
40987,4.95,0.0,39.0051875,3,-86.804,0,137.632896212,0,0,3,0,6,2,no
44646,6.16666666667,0.0,40.13864,1,-85.7431,0,121.799647082,0,0,3,1,2,4,si
44641,2.41666666667,0.0,39.8496,2,-86.01695,0,3.45329285762,0,0,0,0,9,1,si
28792,0.85,0.88,39.07,0,-85.38,0,1.71720520704,0,0,0,0,5,2,no
63593,2.5,1.0,40.9975214286,0,-86.3951785714,0,73.5716162084,0,0,3,0,13,4,no
16426,31.25,1.0,40.7736,3,-87.4193,0,77.5523617559,0,0,0,0,14,1,no
1203297,2.68333333333,1.75,38.3163636364,0,-86.4490909091,0,83.0106907976,0,0,3,0,1,1,si
1210774,3.86666666667,0.75,40.8527777778,0,-85.625,0,145.140921865,0,0,3,0,8,1,no
10099,1.21666666667,0.0,41.4633333333,0,-85.6,0,80.4991857092,0,0,3,0,4,1,no
1210772,1.76666666667,0.0,40.823,0,-86.343,0,138.453231069,0,1,3,0,13,4,no
1205573,40.5,0.0,38.43,2,-86.18,0,2.1328433314,0,0,0,0,1,4,si
1205572,41.3333333333,0.0,38.8,2,-85.65,0,2.1328433314,0,0,0,0,11,2,no
1205571,16.0,0.0,38.8,2,-85.65,0,2.1328433314,0,0,0,0,11,2,no
1215489,5.66666666667,0.0,41.5133333333,0,-87.28,0,29.95040774,0,0,1,0,0,2,no
26804,16.1333333333,0.0,39.6154833333,0,-86.5446,0,154.578295318,0,2,3,0,7,4,no
7675,4.0,0.0,41.07,3,-87.0404,0,3.24564042347,0,0,0,0,14,1,no
1215485,1.31666666667,0.0,41.53,2,-86.95,0,2.1328433314,0,0,3,0,0,3,no
37177,0.6,0.0,38.24,1,-87.59,0,52.0128019879,0,0,3,0,3,2,no
1208068,4.03333333333,2.0,39.5831707317,0,-86.3269512195,0,186.928585073,0,0,0,0,9,2,no
30529,3.48333333333,0.0,38.2766666667,0,-86.02,0,24.0291379258,0,0,3,0,1,1,si
40960,15.1833333333,0.88,39.81299,3,-86.5035766667,0,153.87823889,0,0,3,0,9,4,si
29814,0.883333333333,0.88,40.5,0,-87.45,0,10.0376409759,0,0,3,0,14,4,no
1177,71.0,0.0,38.77,2,-86.1742,0,6.43736,0,0,0,0,11,2,no
86185,2.33333333333,1.0,41.0314285714,0,-85.6257142857,0,74.5461779909,0,0,3,0,8,1,no
50093,1.08333333333,0.0,39.0683,3,-84.9407833333,0,14.1536306424,0,0,0,0,5,1,no
44295,5.48333333333,0.0,41.4015,3,-84.80735,0,25.6546695381,0,0,0,0,8,4,no
76152,0.383333333333,1.0,39.0367,0,-85.1591,0,13.2355523918,0,0,3,0,5,3,si
76158,1.5,0.0,39.091875,3,-85.017625,0,14.468544513,0,0,0,0,5,1,no
1197292,1.33333333333,0.0,38.3844444444,0,-86.2,0,86.024762949,0,0,3,0,1,1,si
79532,30.0,0.0,38.193075,1,-87.3392,0,55.9018528264,0,0,3,0,3,2,no
34551,7.63333333333,0.0,38.414905,3,-86.220925,0,119.001656063,0,0,0,0,1,4,si
40419,3.66666666667,0.0,38.881971875,3,-86.7084125,0,127.778564493,0,0,3,0,6,2,no
29614,1.76666666667,0.75,40.9866666667,0,-85.4133333333,0,67.9243152548,0,0,3,0,8,1,no
55620,7.38333333333,0.0,40.789525,0,-87.434775,0,7.53041900412,0,1,3,0,14,4,no
3839,79.0,0.0,38.5,2,-87.28,0,2.1328433314,0,0,0,0,3,7,si
23275,70.8333333333,0.0,41.6721,2,-86.453125,0,28.31677774,0,0,0,0,13,1,no
77114,1.8,0.0,39.511,0,-85.10845,0,52.3093866104,0,0,3,0,12,2,no
88497,3.68333333333,1.75,41.2675105263,0,-85.5220368421,0,102.572299205,0,0,3,0,4,1,no
19387,4.6,0.0,39.53309,0,-85.96334,0,156.440752667,0,4,3,1,9,5,si
1209645,0.833333333333,0.0,38.4,0,-86.37,0,36.696091464,0,0,3,0,1,1,si
1210768,3.2,1.75,41.2654166667,0,-85.8266666667,0,156.255867216,0,0,3,0,4,1,no
1210764,24.0333333333,2.0,39.677254902,0,-86.2498039216,0,210.778858115,0,0,3,2,9,5,si
55024,7.13333333333,0.0,41.5410783784,0,-85.7693702703,0,129.442499402,0,0,3,0,4,1,no
19142,4.51666666667,1.75,38.4048,0,-85.9642333333,0,87.4719222653,0,0,3,0,1,1,si
77755,0.533333333333,0.0,39.11254,0,-86.66982,0,95.322771735,0,0,3,0,7,5,si
77753,8.91666666667,0.0,39.4219083333,3,-86.7292416667,0,79.6550558363,0,0,3,1,7,3,si
12717,1.0,1.75,38.011225,1,-87.556625,0,15.2588288247,0,0,3,0,3,2,no
77751,0.383333333333,0.0,38.635025,0,-87.398325,0,15.3296592142,0,0,3,0,6,3,si
77750,6.03333333333,0.0,39.9890346154,3,-86.8185038462,0,141.901087156,0,0,3,0,10,3,si
82984,2.83333333333,1.25,39.8398636364,2,-86.3205659091,0,128.545971652,0,1,3,0,9,4,si
81501,37.8333333333,0.0,39.5698214286,3,-85.0006428571,0,111.696152316,0,0,3,0,12,3,no
61525,0.933333333333,2.75,38.3657142857,0,-86.2114285714,0,53.3114777268,0,0,3,0,1,1,si
54854,8.41666666667,1.75,41.499475,2,-87.16485,0,36.1380767631,0,0,0,0,0,1,no
77626,1.98333333333,0.0,38.03982,1,-87.55162,0,45.4871357915,0,0,3,0,3,2,no
43688,0.866666666667,0.0,39.112525,0,-85.988175,0,48.0906427598,0,1,0,0,11,3,no
43686,1.26666666667,0.0,39.1625454545,1,-87.2585909091,0,80.3736179592,0,0,3,0,6,3,si
80212,2.01666666667,0.0,39.33,0,-87.235,0,144.283476701,0,0,3,0,6,3,si
43682,2.0,0.0,39.855,3,-86.1227,0,2.95458629073,0,0,0,0,9,1,si
20739,3.63333333333,1.0,39.1290833333,0,-85.0597,0,53.9952957123,0,0,3,0,5,3,si
1196290,2.01666666667,0.0,41.402,0,-85.672,0,97.5316038717,0,0,3,0,4,1,no
41914,2.25,0.0,38.38628125,0,-86.0780625,0,104.426680583,0,0,3,0,1,1,si
61831,12.0333333333,0.0,41.0067416667,3,-87.3310416667,0,81.1872579231,0,0,3,0,14,2,no
1204691,0.666666666667,0.0,39.407,0,-85.074,0,79.5237819128,0,0,3,0,5,3,si
53030,4.2,1.0,41.4890714286,0,-85.7730428571,0,97.1013641724,0,0,3,0,4,1,no
10624,2.06666666667,0.0,41.5933333333,0,-87.3433333333,0,18.0018596065,0,0,3,0,0,4,no
87372,8.45,1.0,40.075015625,2,-86.049015625,0,151.786104549,0,0,3,0,2,4,si
90071,2.58333333333,0.75,41.4694736842,0,-85.9384210526,0,108.88796861,0,0,3,0,4,1,no
90072,1.1,0.88,41.2475,0,-85.3425,0,53.0439619095,0,0,0,0,4,3,no
90074,4.8,1.25,41.0169766667,0,-85.79913,0,138.855067514,0,0,3,0,8,1,no
33197,4.33333333333,0.0,38.322975,3,-86.84245,0,14.6620975538,0,0,0,0,1,4,si
58068,1.0,1.75,39.4532666667,0,-85.5938166667,0,71.6931627025,0,2,3,0,12,4,no
58069,1.06666666667,0.0,40.241,0,-85.73075,0,38.580560141,0,0,3,0,2,3,si
80364,15.5666666667,0.0,38.2636916667,2,-86.4359416667,0,65.4740035002,0,0,3,0,1,2,si
44652,0.783333333333,0.0,39.52355,0,-85.0135625,0,58.2083328115,0,1,3,0,12,2,no
10713,2.0,0.0,37.8194,0,-87.1031,0,14.1918511264,0,0,3,0,3,3,no
54411,2.01666666667,0.0,41.4257142857,0,-85.6242857143,0,126.101570466,0,0,3,0,4,1,no
78380,7.73333333333,1.0,39.25983125,2,-87.01795,0,132.576823628,0,0,3,0,6,3,si
1206695,51.75,4.25,40.875,0,-86.099047619,0,131.647370073,0,0,3,0,13,3,no
84648,4.36666666667,1.25,39.8492826087,0,-86.0095913043,0,204.094913988,0,0,3,0,9,5,si
1206692,1.05,0.75,40.81,0,-86.625,0,30.3734034054,0,0,3,0,13,4,no
49402,6.5,1.0,38.17,1,-87.47,0,70.2872439881,0,0,0,0,3,9,no
39771,2.75,0.0,39.1942,2,-85.084775,0,75.7435009801,0,0,3,0,5,3,si
18937,1.1,0.0,40.65,0,-85.58,0,37.0910645865,0,0,3,0,8,1,no
39777,8.05,0.0,39.4466666667,0,-85.1266666667,0,84.3045918098,0,0,3,0,12,2,no
30407,3.43333333333,1.0,38.4522807692,3,-86.0749,0,78.9910525189,0,0,3,0,1,2,si
1182610,0.75,1.75,40.945,0,-87.285,0,17.1868774336,0,0,3,0,14,4,no
10082,1.15,0.0,39.47,3,-87.4,0,2.17697331186,0,0,0,0,6,1,no
1205560,5.2,0.0,38.378,3,-86.53,0,59.2581150213,0,0,0,0,1,4,si
1205561,4.83333333333,0.0,38.4275,3,-85.88,0,42.6029694231,0,0,0,0,11,2,no
1205564,7.25,0.0,38.378,2,-86.53,0,59.2139850409,0,0,0,0,1,4,si
1205565,7.0,0.0,38.4375,2,-85.88,0,44.0248175677,0,0,0,0,11,2,no
1205567,5.53333333333,0.0,38.4433333333,3,-86.1922222222,0,96.9375944683,0,0,0,0,1,4,si
40319,2.85,0.75,40.3624,0,-86.0085,0,128.152278716,0,0,3,1,2,3,si
30534,6.1,0.0,38.33653,3,-85.80895,0,11.2935302146,0,0,3,0,11,3,no
40958,0.516666666667,0.0,39.7763,0,-86.06925,0,12.2074699391,0,0,3,0,9,5,si
68342,2.21666666667,2.75,40.76534,0,-87.30492,0,43.7175176573,0,0,3,0,14,4,no
1187734,2.21666666667,1.75,38.4144444444,0,-86.3888888889,0,72.8364137454,0,0,3,0,1,1,si
50712,0.35,1.0,40.92475,0,-87.37315,0,12.2461517404,0,0,0,0,14,3,no
78655,1.0,0.0,39.554125,3,-85.176725,0,24.6432818121,0,0,3,0,12,3,no
78658,1.0,0.0,39.24055,3,-85.26625,0,9.76995009602,0,0,0,0,5,1,no
40422,6.1,0.0,39.3655,3,-85.996405,0,181.032475214,0,0,3,0,9,4,si
40421,5.71666666667,2.5,38.90685,3,-87.1348125,0,179.911002236,0,0,3,0,6,2,no
85997,6.16666666667,0.88,41.576875,3,-87.2601208333,0,33.6242332361,0,0,3,0,0,3,no
28225,0.633333333333,1.0,38.135,0,-87.205,0,27.0672692833,0,0,0,0,3,10,no
19109,2.41666666667,0.0,39.5015,3,-86.850805,0,129.243990651,0,1,3,0,7,3,si
1181175,2.7,0.88,41.4425,3,-87.3925,0,12.3351301533,0,0,3,0,0,3,no
1203635,2.58333333333,0.75,39.4447368421,0,-86.7902631579,0,174.336392154,0,2,3,0,7,4,no
28646,29.7333333333,0.0,39.1587785714,2,-87.2356214286,0,110.622706242,0,0,0,0,6,1,no
1209657,5.61666666667,2.0,38.3279166667,3,-86.5683333333,0,97.1662004821,0,0,3,0,1,2,si
366,41.2666666667,1.0,40.0213333333,3,-85.638,0,152.12720278,0,0,3,0,2,4,si
1210753,2.13333333333,1.25,39.562,0,-85.096,0,46.8709518828,0,0,3,0,12,2,no
74858,0.783333333333,0.0,38.366,0,-86.086,0,42.8123834265,0,0,3,0,1,1,si
19358,5.5,0.0,39.2996382353,3,-86.6255529412,0,124.604834383,0,1,3,0,7,3,si
77742,4.06666666667,0.0,39.03175,3,-86.1513416667,0,25.9153559706,0,0,0,0,11,2,no
52938,2.45,1.0,39.3718513514,0,-86.5238405405,0,170.698468746,0,0,3,0,7,5,si
1218530,2.65,2.5,41.3228571429,0,-86.7678571429,0,89.3127870974,0,0,3,0,0,4,no
73918,3.08333333333,1.0,40.69,0,-85.56,0,39.7860055682,0,0,0,0,8,5,no
17634,2.0,1.0,37.9081666667,1,-87.1642333333,0,30.401948494,0,0,0,0,3,9,no
24957,8.16666666667,0.0,38.2944333333,0,-86.2516666667,0,107.54728986,0,0,3,0,1,1,si
21121,3.28333333333,0.0,39.4127142857,0,-86.1559314286,0,167.185895755,0,0,3,0,9,5,si
60248,7.23333333333,1.0,38.0318,0,-87.38805,0,49.1074124241,0,2,0,0,3,11,no
1205758,57.0,0.0,37.94,2,-87.66,0,28.8864768518,0,0,0,0,3,7,si
75853,82.9833333333,0.0,38.3865625,2,-87.624075,0,51.9239500018,0,0,0,0,3,7,si
1187813,0.483333333333,1.5,38.9983333333,0,-85.0083333333,0,34.9929402641,0,0,0,0,5,2,no
168,37.0,0.0,38.5,2,-87.28,0,2.1328433314,0,0,0,0,3,7,si
17299,1.51666666667,0.0,40.81,0,-87.336,0,50.3675080869,0,0,3,0,14,4,no
164,1.83333333333,0.0,38.17,1,-87.78,0,1.32944756907,0,0,0,0,3,8,no
4523,0.3,0.75,39.0952,0,-85.03685,0,24.0300255818,0,0,3,0,5,3,si
85673,2.58333333333,1.0,39.5658083333,2,-85.091325,0,28.5004992829,0,0,3,0,12,3,no
10367,5.41666666667,0.75,38.2799125,0,-86.233334375,0,91.1006960061,0,2,3,0,1,1,si
48967,17.6333333333,0.0,40.5252125,2,-85.340925,0,65.2253956102,0,0,0,0,8,4,no
1196274,2.41666666667,0.75,40.7741666667,0,-85.8404166667,0,134.594933993,0,3,3,0,8,2,no
1196277,0.333333333333,0.0,41.29,0,-85.98,0,4.47454202709,0,1,3,0,4,3,no
84658,11.7833333333,2.75,39.7006253731,3,-86.3680619403,0,148.493578818,0,0,3,0,9,4,si
80296,10.0,0.0,37.97075,3,-87.043325,0,33.9350408705,0,0,0,0,3,6,no
78392,2.0,0.0,38.65485,2,-87.1403,0,3.09419619366,0,0,0,0,6,1,no
9760,2.83333333333,0.0,39.8133333333,0,-85.5963833333,0,123.768240397,0,0,3,0,12,2,no
1196292,3.33333333333,0.0,41.2225,0,-85.2675,0,114.81767726,0,0,3,0,8,1,no
49434,7.45,2.0,39.869772,0,-86.333372,0,158.271919665,0,0,3,0,9,5,si
1205557,7.21666666667,0.0,38.2925,3,-86.3191666667,0,89.8916831397,0,0,3,0,1,2,si
1205553,22.0333333333,1.0,41.135,0,-87.44,0,55.591959841,0,0,3,0,14,4,no
1205559,0.5,1.0,38.2525,0,-86.6575,0,25.8132175376,0,0,0,0,1,3,si
68023,1.0,0.0,37.93,1,-87.9,0,1.32944756907,0,0,0,0,3,8,no
39763,3.48333333333,0.0,39.22232,3,-85.20741,0,27.133133257,0,0,3,0,5,3,si
1205797,2.0,0.0,38.3,3,-87.58,0,2.17697331186,0,0,0,0,3,6,no
70737,5.25,0.0,38.0914,0,-87.39,0,48.2225818408,0,0,1,0,3,12,no
1205799,2.0,0.0,38.03,3,-87.85,0,2.17697331186,0,0,0,0,3,6,no
1205798,2.0,0.0,38.38,3,-87.27,0,2.17697331186,0,0,0,0,3,6,no
71995,5.6,2.0,39.9939465116,2,-86.2790011628,0,147.589628286,0,0,3,0,9,4,si
27556,35.2833333333,0.0,41.2308571429,3,-85.9026357143,0,150.116444808,0,0,0,0,4,2,no
29299,7.21666666667,0.0,38.315,1,-87.4,0,23.7264861657,0,0,3,0,3,2,no
68629,4.16666666667,0.0,39.0912166667,0,-85.0607583333,0,102.329719769,0,0,3,0,5,3,si
40761,1.68333333333,0.75,38.39925,0,-86.45915,0,29.5487821743,0,0,3,0,1,1,si
89700,2.66666666667,0.0,41.5466666667,0,-86.53,0,36.3336338514,0,0,3,0,13,4,no
1186610,20.1666666667,1.75,39.3940566038,0,-86.2653773585,0,171.016024947,0,0,3,1,9,5,si
1186611,1.0,0.0,38.78,3,-86.95,0,2.17697331186,0,0,0,0,6,1,no
1186341,8.93333333333,0.0,40.735,2,-86.04,0,127.315938221,0,0,0,0,13,1,no
18361,3.73333333333,2.75,41.1804727273,0,-85.9005939394,0,151.987276621,0,0,3,0,4,1,no
79739,6.6,1.75,41.06009,0,-87.33672,0,81.7811215559,0,0,3,0,14,4,no
79738,3.25,0.0,41.65695,2,-87.5043,0,2.62189817356,0,0,0,0,0,1,no
67780,1.8,0.0,40.76625,0,-85.75125,0,93.5831143796,0,0,3,0,8,1,no
1193420,2.2,0.0,39.8475,2,-85.0175,0,22.4856688706,0,0,3,0,12,3,no
22382,3.45,0.0,41.051625,2,-87.31465,0,42.8600373287,0,0,3,0,14,2,no
52832,7.2,1.5,39.54205,3,-87.415225,0,60.8343154979,0,0,3,0,6,2,no
1210745,4.86666666667,0.0,39.825,2,-84.95,0,7.74542921558,0,0,3,0,12,3,no
19160,20.1666666667,0.0,39.425595,3,-86.43549,0,98.1442760782,0,0,3,1,7,3,si
51051,0.95,2.0,40.61418,0,-85.31942,0,83.856359433,0,0,0,0,8,5,no
50053,1.13333333333,1.0,38.58695,0,-85.9918,0,105.373856786,0,0,3,0,11,1,no
88832,0.266666666667,1.5,41.75,0,-86.045,0,9.45665610156,0,0,0,0,4,3,no
12739,1.66666666667,1.0,38.1612636364,0,-87.5191545455,0,67.2161607068,0,3,3,0,3,4,no
86248,6.2,1.25,41.5245454545,0,-85.5772727273,0,135.159821907,0,0,3,0,4,1,no
31968,2.45,0.0,37.9763,3,-87.4038,0,4.04877458878,0,0,0,0,3,6,no
51636,10.25,2.0,41.23184375,3,-86.322684375,0,118.340608152,0,0,3,0,13,5,no
73451,1.86666666667,0.0,39.7006677419,0,-86.4007032258,0,172.918957872,0,1,3,0,9,5,si
27121,52.0,0.0,41.0238,3,-87.3196333333,0,96.2180770586,0,0,0,0,14,1,no
65448,4.4,0.0,41.055,0,-86.281875,0,122.884619729,0,0,3,0,13,4,no
1184449,21.0,0.0,40.355,2,-85.985,0,130.936746194,0,0,0,1,2,1,si
80762,0.866666666667,0.0,39.3625,0,-85.125,0,80.3232135071,0,0,3,0,5,3,si
75467,1.25,0.0,38.05,1,-87.27,0,1.32944756907,0,0,0,0,3,8,no
75465,1.26666666667,0.0,40.8158571429,0,-85.6117428571,0,52.8370513585,0,0,3,0,8,1,no
1207816,1.26666666667,0.88,38.3805263158,0,-86.3305263158,0,108.887832973,0,0,3,0,1,1,si
75869,5.26666666667,2.0,40.9698589286,0,-86.0928982143,0,133.163505571,0,0,3,0,13,4,no
19586,57.7,0.0,39.49505,2,-86.392,0,3.12162326663,0,0,0,0,7,2,si
87750,6.08333333333,0.0,40.742675,3,-87.404875,0,24.3186838903,0,0,0,0,14,1,no
49551,0.333333333333,2.0,38.0133333333,0,-87.3133333333,0,14.8850112862,0,0,0,0,3,10,no
63078,0.516666666667,1.25,38.012,0,-87.612,0,24.1503194386,0,0,0,0,3,10,no
85736,4.25,0.88,38.0460333333,3,-87.4268833333,0,34.6100420026,0,0,0,0,3,6,no
6345,12.6166666667,0.0,38.55242,0,-86.05958,0,60.9791411178,0,0,3,0,1,1,si
90902,10.5833333333,0.88,41.270135,0,-87.26221,0,88.1193942293,0,0,3,0,0,4,no
56061,3.08333333333,1.0,41.3478,0,-85.31375,0,97.3677770006,0,0,3,0,4,1,no
87359,1.1,1.75,41.5775,0,-86.4,0,21.5931744186,0,0,0,0,13,2,no
63418,7.43333333333,0.88,39.235,0,-86.75,0,133.22610508,0,0,3,0,7,5,si
63789,0.866666666667,1.0,37.9048833333,1,-87.2166666667,0,39.909006027,0,0,3,0,3,2,no
51146,1.4,1.0,38.3838045455,0,-86.1646772727,0,94.8457727432,0,0,3,0,1,1,si
1184629,3.85,0.0,40.4733333333,3,-85.3266666667,0,40.9172754848,0,0,0,0,8,4,no
48336,63.9833333333,0.0,38.100375,2,-87.7479,0,47.709067247,0,0,0,0,3,7,si
1183675,4.53333333333,0.0,39.37,3,-87.48,0,2.17697331186,0,0,0,0,6,1,no
1183674,6.18333333333,0.0,39.1,3,-87.67,0,2.17697331186,0,0,0,0,6,1,no
1183673,3.5,0.0,39.47,3,-87.4,0,2.17697331186,0,0,0,0,6,1,no
1183672,81.95,0.0,40.084,3,-86.225,0,208.768214243,0,0,0,0,2,1,si
90125,1.25,0.0,38.3295,1,-87.5961,0,3.21868,0,0,0,0,3,8,no
54211,11.0,1.75,39.449856,3,-86.181942,0,115.850907753,0,0,3,0,9,4,si
54213,3.5,0.0,38.6830166667,3,-87.0694833333,0,51.7109005184,0,0,0,0,6,1,no
1196285,2.5,0.0,41.6775,0,-85.825,0,105.331248218,0,0,3,0,4,1,no
1196286,7.68333333333,1.0,41.2527777778,0,-86.1119444444,0,137.465712371,0,0,3,0,13,4,no
1196281,0.966666666667,0.0,41.4766666667,0,-85.5233333333,0,37.673269552,0,0,3,0,4,1,no
54694,7.31666666667,0.75,39.4328,0,-86.4278,0,161.381912061,0,0,0,0,7,1,no
68941,2.26666666667,1.75,39.8041157895,0,-86.3363929825,0,106.897204561,0,0,3,1,9,5,si
90725,8.78333333333,0.0,41.1164,2,-85.2698,0,6.75447030965,0,0,2,0,8,3,no
1205786,3.0,0.0,38.3,3,-87.58,0,2.17697331186,0,0,0,0,3,6,no
1205787,3.0,0.0,38.03,3,-87.85,0,2.17697331186,0,0,0,0,3,6,no
1205788,2.95,0.0,38.03,3,-87.6,0,2.17697331186,0,0,0,0,3,6,no
1205789,2.66666666667,0.0,37.95,3,-87.42,0,2.17697331186,0,0,0,0,3,6,no
59800,12.0,0.0,38.1341,2,-87.93455,0,1.22448987611,0,0,0,0,3,7,si
12932,2.96666666667,0.0,41.5537666667,0,-85.8641083333,0,115.262287726,0,0,3,0,4,1,no
26837,0.366666666667,0.0,39.102675,0,-85.228575,0,24.3407226511,0,2,3,0,5,3,si
59155,17.5166666667,0.0,38.490325,2,-86.12393125,0,106.157690397,0,1,3,0,1,2,si
5462,1.66666666667,0.0,38.10725,1,-87.78,0,2.63081267288,0,0,3,0,3,2,no
28533,2.5,0.0,39.425575,3,-87.28715,0,39.3112670499,0,0,0,0,6,1,no
28531,1.35,1.75,38.99,0,-85.9942857143,0,72.1305743198,0,0,0,0,11,3,no
28530,0.75,0.0,39.8654,2,-85.8675,0,2.54271907055,0,0,0,0,9,1,si
48598,7.48333333333,1.0,39.4662777778,0,-85.1876777778,0,62.3721927652,0,0,0,0,12,1,no
14186,29.6666666667,0.0,39.060475,2,-87.610325,0,14.7456180847,0,0,0,0,6,1,no
30771,7.41666666667,1.75,39.4874083333,0,-84.964325,0,107.751139133,0,0,0,0,12,1,no
1197265,3.68333333333,0.75,40.16,0,-86.395,0,124.295745093,0,0,3,0,2,3,si
28408,4.46666666667,0.75,41.4715315789,0,-85.8054157895,0,100.060900293,0,0,3,0,4,1,no
2986,0.666666666667,1.0,38.06875,0,-87.262475,0,39.8367820936,0,0,3,0,3,3,no
39560,1.18333333333,0.0,41.2266555556,0,-85.6824166667,0,153.489756504,0,1,3,0,4,3,no
1208070,2.4,0.88,39.5068604651,0,-86.6030232558,0,185.65169203,0,2,3,0,7,4,no
89825,17.6666666667,0.0,40.8282875,3,-86.1104375,0,103.667561552,0,0,3,0,13,5,no
27710,5.16666666667,0.0,41.4647166667,2,-87.2646166667,0,29.6146378966,0,0,0,0,0,1,no
1208094,5.2,2.0,39.355,2,-85.0922727273,0,47.7438844575,0,0,3,0,5,3,si
8282,0.366666666667,0.75,38.985,0,-84.97,0,13.9177533244,0,0,3,0,5,3,si
13053,1.33333333333,0.88,38.41494,0,-86.1686766667,0,104.979471464,0,2,3,0,1,1,si
5679,0.583333333333,0.75,41.4450533333,0,-87.30506,0,102.00944066,0,0,3,0,0,4,no
89004,6.0,0.0,37.98,1,-87.55,0,1.32944756907,0,0,0,0,3,8,no
40444,4.43333333333,0.88,40.4391875,3,-86.21019375,0,74.9814051235,0,0,3,0,2,4,si
86664,1.48333333333,2.0,40.95875,0,-85.44875,0,62.9063554016,0,0,0,0,8,5,no
89482,0.683333333333,1.0,38.36,0,-85.9,0,20.6942639015,0,0,0,0,1,3,si
79617,0.383333333333,0.0,41.67,0,-85.2375,0,29.7808411072,0,0,3,0,4,1,no
32476,2.25,0.0,39.01525,3,-85.964,0,9.63249215665,0,0,0,0,11,2,no
23241,77.0,0.0,41.3186333333,3,-87.2379166667,0,85.5664111854,0,0,0,0,0,1,no
29885,1.88333333333,0.0,38.09,1,-86.56,0,31.3702546837,0,0,3,0,1,2,si
50689,25.5833333333,1.0,38.7885666667,3,-86.3963833333,0,69.6855069864,0,0,3,0,1,2,si
50685,3.78333333333,1.75,39.74764375,3,-86.5689,0,154.865818589,0,0,0,0,7,2,si
1212599,0.483333333333,1.5,41.3066666667,0,-87.2166666667,0,24.6918337491,0,0,3,0,0,4,no
1188729,6.53333333333,2.5,39.9882608696,3,-85.9469565217,0,140.148836323,0,0,3,2,2,4,si
55271,1.06666666667,0.0,38.26355,3,-87.5123,0,7.46877110699,0,0,0,0,3,6,no
15336,6.0,0.0,38.0013166667,3,-87.4375166667,0,63.1540064891,0,0,0,0,3,6,no
76832,1.31666666667,0.0,39.203075,0,-86.8663,0,141.835636203,0,0,3,0,7,5,si
1197575,1.08333333333,0.0,37.955,3,-87.775,0,16.5290916514,0,0,0,0,3,6,no
55651,10.55,1.75,40.9036363636,0,-86.0345454545,0,115.28928393,0,0,3,0,13,4,no
51338,6.9,1.75,39.6406273585,3,-86.7417339623,0,202.880878774,0,2,3,0,7,3,si
1197573,5.0,0.0,37.98,3,-87.55,0,2.17697331186,0,0,0,0,3,6,no
16214,7.33333333333,1.75,39.9395957447,3,-86.2722755319,0,132.818223472,0,2,3,0,9,4,si
16213,10.75,0.0,39.8155636364,0,-85.5547545455,0,174.604727028,0,1,3,0,12,2,no
51802,1.03333333333,0.0,38.4432857143,0,-86.1435642857,0,78.7279047957,0,1,3,0,1,1,si
56304,2.13333333333,0.0,38.58535,2,-87.54095,0,1.33803410787,0,0,0,0,3,7,si
74477,4.9,0.0,38.748275,3,-85.45065,0,23.4251216765,0,0,0,0,11,2,no
1210748,3.23333333333,1.75,39.27,0,-85.0575,0,84.0983570566,0,0,3,0,5,3,si
12690,90.0,0.0,38.1095166667,2,-86.2270333333,0,67.5977365143,0,0,0,1,1,4,si
56271,1.66666666667,1.75,40.1789888889,0,-85.8782444444,0,116.522636697,0,0,3,0,2,3,si
56274,1.91666666667,0.0,39.2285,0,-86.1770333333,0,123.210306424,0,0,3,0,9,5,si
1210467,1.16666666667,1.0,40.7466666667,0,-87.3166666667,0,43.2441800345,0,0,3,0,14,4,no
53179,0.366666666667,1.0,41.575,0,-87.225,0,4.59721994252,0,0,0,0,0,2,no
4507,0.65,0.75,40.8383333333,0,-85.2516666667,0,72.9925976825,0,0,3,0,8,1,no
1198927,5.75,0.75,39.9090909091,0,-86.1736363636,0,196.479727087,0,0,3,0,9,5,si
1198924,2.25,0.0,39.815,3,-85.915,0,80.1365671381,0,0,0,0,9,1,si
90914,1.2,0.0,38.722625,0,-86.9686,0,58.1639661362,0,0,3,0,6,3,si
90913,5.51666666667,1.0,39.0150125,0,-86.8010375,0,72.6811912506,0,1,0,0,6,3,si
57250,3.58333333333,1.75,40.3025,0,-86.7775,0,111.574914917,0,0,3,0,10,4,si
43164,0.7,0.0,41.0536,0,-85.843525,0,75.3870322369,0,0,3,0,4,1,no
85276,1.41666666667,0.0,38.59195,0,-86.1637,0,93.4891176824,0,0,3,0,1,1,si
57324,2.0,0.0,38.03,1,-87.53,0,1.32944756907,0,0,0,0,3,8,no
10691,16.0,1.75,39.75004375,0,-86.74060625,0,149.342032641,0,0,3,0,7,5,si
17011,2.18333333333,0.0,39.6837,0,-84.99477,0,54.5151549748,0,0,3,0,12,2,no
36570,1.06666666667,1.0,39.16,0,-85.20854,0,29.6195747159,0,0,0,0,5,2,no
2406,72.0,0.0,39.1143,2,-86.42,0,12.87472,0,0,0,1,7,2,si
4980,4.1,0.88,38.7066666667,3,-86.6858666667,0,7.16340379654,0,0,0,0,1,4,si
2404,90.7833333333,0.0,39.52,2,-85.78,0,2.1328433314,0,0,0,0,9,1,si
53954,42.0,0.0,38.3845,2,-87.622025,0,51.8910975533,0,0,0,0,3,7,si
60590,1.0,0.0,39.14045,2,-85.2996,0,3.62719360318,0,0,0,0,5,1,no
41091,1.08333333333,0.0,41.15665,3,-85.5024,0,4.40038144317,0,0,0,0,4,2,no
54689,6.71666666667,0.0,39.80856,0,-86.44152,0,160.143332509,0,0,3,0,9,5,si
33431,1.5,0.0,38.058,3,-87.2712,0,2.90659473348,0,0,0,0,3,6,no
1183579,21.7333333333,0.0,38.67,2,-87.35,0,2.1328433314,0,0,0,0,6,1,no
74749,1.0,0.0,39.6815,1,-84.8157,0,4.6509926,0,0,0,0,12,1,no
1189323,0.4,0.0,39.43,0,-85.015,0,31.9538174636,0,0,3,0,12,2,no
58491,31.0,0.0,38.615,2,-85.91455,0,42.8567064726,0,0,0,0,11,2,no
39636,0.666666666667,0.0,39.3740833333,0,-85.0206833333,0,67.6415230593,0,0,3,0,5,3,si
87382,2.0,0.0,38.766175,3,-85.060425,0,9.21775663989,0,0,3,0,5,3,si
48582,6.03333333333,1.0,39.8477708333,0,-86.288225,0,120.504760675,0,2,3,0,9,5,si
83893,1.23333333333,0.0,38.14485,3,-86.64415,0,63.0595499578,0,0,0,0,1,4,si
37730,1.06666666667,1.75,41.1042857143,0,-85.1971428571,0,53.6268077236,0,0,3,0,8,1,no
15953,5.83333333333,0.0,40.76723,0,-85.6495,0,99.301172602,0,2,3,0,8,2,no
50213,0.933333333333,0.0,40.686225,0,-87.3373125,0,72.6973226475,0,0,3,0,14,4,no
59566,42.0,0.0,37.99125,2,-87.43125,0,66.5580552732,0,0,0,0,3,7,si
66306,0.9,0.0,38.28062,2,-85.84753,0,33.5275568882,0,0,3,0,1,2,si
58763,84.9833333333,0.0,38.2173625,2,-87.53185,0,60.1364736729,0,0,0,0,3,7,si
1208069,20.85,2.75,39.8984810127,3,-86.281835443,0,176.126507421,0,1,3,0,9,4,si
18741,3.3,0.0,41.032,0,-85.108,0,90.926176106,0,0,3,0,8,1,no
47811,7.5,0.0,37.9416666667,1,-87.3348166667,0,34.1976971745,0,0,0,0,3,8,no
1208066,31.75,0.88,40.1425,3,-86.82125,0,204.983020343,0,0,0,0,10,2,no
1208067,0.9,0.88,39.512,0,-87.008,0,70.388425077,0,0,3,0,7,5,si
1208064,6.0,1.0,38.7371428571,3,-87.4057142857,0,50.9945668225,0,0,3,0,6,2,no
1208065,0.566666666667,1.75,39.55,0,-87.305,0,87.1093903833,0,0,0,0,6,3,si
8501,3.8,1.75,39.88453,0,-86.24471,0,93.2281193855,0,0,3,0,9,5,si
1219757,1.35,0.88,40.7533333333,0,-85.5133333333,0,93.0939860373,0,0,0,0,8,5,no
8504,1.03333333333,0.0,39.84,1,-86.1,0,11.6306940113,0,0,0,0,9,1,si
1208086,0.733333333333,0.75,39.273,0,-85.11,0,92.2300501086,0,0,3,0,5,3,si
40459,0.4,1.75,41.1178,0,-87.33745,0,25.4856266202,0,0,3,0,14,4,no
1186560,0.966666666667,2.75,38.1688888889,0,-87.5133333333,0,55.2077767811,0,0,3,0,3,4,no
40451,2.48333333333,0.0,41.3612765306,0,-85.8370010204,0,124.200729856,0,2,3,0,4,3,no
2882,1.25,1.75,38.072275,1,-87.407975,0,58.6629432098,0,0,0,0,3,9,no
28259,1.33333333333,0.0,41.392825,0,-87.273375,0,71.2304055331,0,0,3,0,0,4,no
31162,22.5,0.0,38.95875,2,-85.91825,0,3.7571196622,0,0,0,0,11,2,no
1197140,0.533333333333,0.0,40.86,0,-85.615,0,4.14629406,0,0,3,0,8,1,no
1197141,2.11666666667,1.75,40.8718181818,0,-85.6640909091,0,82.6635118732,0,2,3,0,8,2,no
3873,69.9833333333,0.0,38.68,2,-87.52,0,2.1328433314,0,0,0,0,6,1,no
77480,0.4,1.75,41.3253,0,-87.182775,0,16.8369480165,0,0,0,0,0,2,no
90147,1.46666666667,0.75,40.43875,2,-86.927825,0,5.24328336328,0,0,0,0,10,2,no
23237,16.0,0.0,41.4920125,3,-87.2943875,0,52.3957290236,0,0,0,0,0,1,no
19100,2.5,0.0,40.137456,0,-86.5989,0,199.920376208,0,0,3,0,10,4,si
19106,1.53333333333,1.0,39.71602,0,-86.67267,0,83.8752437703,0,0,3,0,7,5,si
5718,1.78333333333,0.88,39.7222333333,0,-86.53605,0,109.333134052,0,0,3,0,7,5,si
66436,1.25,0.0,37.9775,1,-87.48,0,12.7375931534,0,0,0,0,3,8,no
6747,3.1,0.88,41.505,0,-87.376,0,18.9381677931,0,0,3,0,0,4,no
81542,1.16666666667,1.25,38.3825,0,-86.3,0,80.6307258977,0,0,3,0,1,1,si
76827,2.75,0.0,38.25125,2,-87.40065,0,4.43835347888,0,0,0,0,3,7,si
62998,0.366666666667,1.0,40.715,0,-85.2625,0,21.0222409102,0,0,3,0,8,1,no
1201326,3.61666666667,0.88,39.7247058824,0,-86.6050980392,0,182.560648337,0,0,3,0,7,5,si
1201327,3.93333333333,1.75,39.4082608696,0,-86.6641304348,0,168.33030977,0,2,3,0,7,4,no
1201323,0.833333333333,0.88,40.5,0,-85.475,0,15.4949243777,0,0,0,0,8,5,no
1201320,1.25,0.88,40.8961111111,0,-85.5647222222,0,126.886057408,0,0,3,0,8,1,no
1197566,1.08333333333,0.0,38.0025,0,-87.4675,0,56.9227282792,0,0,3,0,3,3,no
32917,3.3,0.0,39.2740111111,3,-86.7326055556,0,66.4125831571,0,0,3,0,7,3,si
51325,1.48333333333,1.25,39.4491,0,-86.0833,0,138.98861389,0,1,3,0,9,5,si
50148,58.2333333333,0.0,38.67485,3,-87.21085,0,4.75642753141,0,0,0,0,6,1,no
16208,69.6333333333,0.0,38.9819,2,-85.90235,0,2.50949456716,0,0,0,0,11,2,no
16209,8.33333333333,0.0,38.8690375,3,-86.5872041667,0,83.7585224173,0,1,0,1,1,4,si
17370,1.98333333333,1.75,40.066975,0,-86.71,0,64.5252377369,0,0,0,0,10,1,no
43481,1.23333333333,0.0,39.9027,2,-85.37045,0,1.96319983929,0,0,0,0,12,1,no
32284,4.9,1.5,39.4656526316,0,-86.7810368421,0,124.029438513,0,0,3,0,7,5,si
3477,1.53333333333,2.75,38.3874684211,0,-86.2252421053,0,93.6132376099,0,0,3,0,1,1,si
17353,1.83333333333,2.5,41.148625,0,-86.52,0,47.781129713,0,0,0,0,13,2,no
12683,0.333333333333,0.0,41.5283,0,-87.25,0,27.483360025,0,0,3,0,0,4,no
17826,1.41666666667,0.0,38.3075,0,-86.395,0,65.5276600993,0,0,3,0,1,1,si
86846,0.5,0.0,37.88,1,-87.05,0,1.32944756907,0,0,0,0,3,8,no
49534,1.35,0.0,38.12133,0,-87.33435,0,42.7332776875,0,3,3,0,3,4,no
4609,2.05,1.0,41.3016666667,0,-85.2833333333,0,161.219363725,0,0,3,0,4,1,no
42689,2.4,1.75,40.85,0,-86.7825,0,29.4136839564,0,0,0,0,14,3,no
75314,3.48333333333,0.0,41.02335,2,-86.041225,0,53.9564859806,0,0,3,0,13,5,no
65555,0.766666666667,0.0,41.3672714286,0,-87.2480285714,0,67.5927849784,0,0,3,0,0,4,no
42372,29.6,1.0,39.92269,3,-86.276115,0,104.435245623,0,0,3,1,9,4,si
57229,2.33333333333,0.0,37.98805,3,-87.50655,0,13.1666585397,0,0,0,0,3,6,no
1184938,0.333333333333,0.0,39.1833333333,0,-86.9866666667,0,166.467110971,0,0,3,0,6,3,si
1184932,17.0833333333,0.0,38.98,2,-85.63,0,2.1328433314,0,0,0,0,11,2,no
1184937,88.0,0.0,39.0333333333,2,-86.54,0,214.547744835,0,0,0,2,7,2,si
49194,11.7333333333,0.0,37.94085,2,-86.76265,0,3.65726226232,0,0,0,0,1,4,si
49190,50.75,0.0,38.74095,2,-85.2491,0,10.2549378945,0,0,0,0,5,1,no
53095,7.76666666667,1.0,40.90805,3,-85.6597066667,0,104.690325091,0,1,3,0,8,3,no
79972,4.33333333333,1.0,41.025706,0,-85.8394386667,0,167.454351061,0,2,3,0,4,3,no
36743,66.0,0.0,37.928025,2,-87.64535,0,33.2744992445,0,0,0,0,3,7,si
90149,3.95,2.0,40.2064166667,2,-86.51575,0,94.8606085929,0,0,3,0,10,3,si
49992,4.6,1.75,38.4170821429,0,-86.4596678571,0,86.2751501857,0,2,3,0,1,1,si
49999,3.03333333333,0.0,39.7888,1,-84.95,0,8.48889273902,0,0,0,0,12,1,no
90146,4.5,0.75,39.9166666667,0,-86.3416666667,0,63.3154128452,0,0,3,0,9,5,si
3276,88.9833333333,0.0,38.8333333333,2,-87.1466666667,0,36.3733866064,0,0,0,0,6,1,no
49445,9.6,1.25,39.2175076923,3,-84.9776653846,0,90.1499941275,0,2,3,0,5,3,si
75132,3.5,0.0,40.945225,3,-87.24855,0,11.3745114301,0,0,0,0,14,1,no
18974,2.65,0.0,41.2229153846,0,-86.3060923077,0,97.7070041977,0,0,3,0,13,4,no
1210006,0.833333333333,0.88,39.33,0,-86.09,0,66.7734318455,0,0,0,0,9,2,no
18405,2.68333333333,1.75,41.21,0,-85.6464705882,0,137.356563168,0,0,3,0,4,1,no
12918,2.91666666667,0.88,39.5481048611,0,-86.4981201389,0,169.996721212,0,2,3,0,7,4,no
26853,1.95,0.0,39.4833647059,0,-86.8511764706,0,160.459064467,0,4,3,0,7,4,no
12916,22.0,0.0,39.4564794118,3,-86.1445676471,0,195.49808171,0,0,0,3,9,1,si
19580,60.5666666667,0.0,39.52925,2,-85.76715,0,4.08580361241,0,0,0,0,9,1,si
50204,1.2,0.0,41.09832,0,-87.1947,0,70.3818775263,0,0,3,0,14,4,no
86860,0.75,0.0,38.27,1,-87.68,0,1.32944756907,0,0,0,0,3,8,no
1191368,0.416666666667,0.0,38.915,0,-85.865,0,20.7193117989,0,0,3,0,11,3,no
17969,1.23333333333,1.0,39.785,0,-85.03,0,26.6764685095,0,0,0,0,12,1,no
18752,0.766666666667,0.88,40.4443,0,-85.5750666667,0,49.5707565876,0,0,3,0,8,1,no
33572,9.36666666667,2.5,39.51105125,3,-86.4391125,0,170.721404774,0,2,3,0,7,3,si
40466,0.65,1.0,41.5295818182,0,-87.3238181818,0,39.6101873867,0,0,3,0,0,4,no
89842,2.55,1.5,41.2925,0,-85.923125,0,148.318393142,0,0,3,0,4,1,no
63779,2.43333333333,0.0,38.3728571429,0,-86.2414285714,0,47.9545131437,0,0,3,0,1,1,si
1193417,6.56666666667,0.75,39.7475,0,-85.125,0,49.5361172201,0,0,3,0,12,2,no
1193415,2.0,0.0,39.73,2,-84.915,0,16.2103224649,0,0,3,0,12,3,no
1193410,1.5,0.0,40.1066666667,2,-85.7633333333,0,201.918799662,0,0,3,1,2,4,si
1193411,0.533333333333,1.0,38.9725,0,-85.005,0,30.2001215101,0,0,3,0,5,3,si
8264,2.5,0.0,39.5511333333,1,-86.6003666667,0,137.410912622,0,0,3,1,7,3,si
8266,5.33333333333,0.0,39.7278571429,0,-87.1094785714,0,145.170063078,0,0,3,0,10,4,si
8263,1.5,0.0,40.044,0,-85.706,0,18.065429059,0,0,3,0,2,3,si
67590,0.566666666667,0.0,41.51332,0,-87.26106,0,32.2215786093,0,0,3,0,0,4,no
28284,4.5,0.0,38.071775,3,-87.51535,0,60.8114903208,0,0,0,0,3,6,no
66065,25.0,0.0,40.294125,1,-87.331475,0,25.9282626174,0,0,3,0,10,3,si
88461,2.6,0.0,38.40125,2,-85.9674666667,0,53.0757118975,0,0,0,0,1,4,si
51792,2.45,1.75,40.1909736842,0,-85.6916684211,0,65.430820693,0,0,0,0,2,2,no
32857,4.0,0.0,39.1574058824,3,-87.19295,0,83.7602565061,0,0,3,0,6,2,no
19134,5.48333333333,0.0,38.29295,0,-86.1087833333,0,41.9383068597,0,0,3,0,1,1,si
1218528,4.0,0.0,41.55,0,-86.7,0,1.92405537778,0,0,3,0,0,4,no
1218523,1.06666666667,0.0,40.83,0,-84.875,0,5.78149586132,0,2,1,0,8,5,no
55332,7.25,0.75,40.3151583333,3,-86.8837722222,0,244.72594015,0,0,3,0,10,3,si
55626,3.0,0.0,41.4705,3,-87.1051,0,10.5781790354,0,0,0,0,0,1,no
1185212,34.9833333333,0.0,41.425,2,-85.645,0,40.364452464,0,0,0,0,4,2,no
1185211,0.266666666667,1.25,38.18,0,-87.71,0,17.5242516644,0,0,3,0,3,3,no
27116,9.83333333333,0.0,41.0011666667,2,-87.4268,0,85.9536707838,0,0,3,0,14,2,no
60844,1.38333333333,0.0,38.9739,0,-86.9728,0,90.419691354,0,0,3,0,6,3,si
73959,13.8333333333,0.0,39.9215166667,2,-86.4229666667,0,61.3697760168,0,0,0,0,9,1,si
73958,20.2666666667,0.0,40.0146571429,2,-86.2434214286,0,213.587555799,0,0,0,0,9,1,si
9924,5.88333333333,1.75,41.2477805556,0,-86.12845,0,113.852744889,0,3,3,0,13,3,no
32703,0.483333333333,1.75,39.5823,0,-86.91515,0,19.6870661621,0,0,0,0,7,1,no
60205,2.11666666667,3.0,38.45540625,0,-86.1450125,0,97.025809304,0,5,3,0,1,1,si
19265,7.0,0.0,39.76868125,3,-86.4490270833,0,156.206165218,0,1,3,1,9,4,si
65493,0.55,0.0,41.5364666667,0,-87.35785,0,11.8377061712,0,0,3,0,0,4,no
1193874,5.75,1.0,39.5866666667,3,-86.2528888889,0,159.922751298,0,0,3,0,9,4,si
74417,6.48333333333,0.0,40.810275,3,-87.29127,0,45.70671484,0,1,3,0,14,2,no
51175,1.36666666667,0.0,38.4534826531,0,-86.2359469388,0,124.822314531,0,1,3,0,1,1,si
88246,2.58333333333,0.0,39.4472,0,-86.923525,0,84.8029470234,0,0,3,0,7,5,si
88245,0.583333333333,0.0,39.7772909091,0,-86.3088454545,0,48.9675545244,0,0,3,0,9,5,si
88249,2.95,1.0,39.6875,0,-86.7905333333,0,101.539749592,0,0,0,0,7,1,no
88248,1.96666666667,0.0,39.8857142857,0,-86.6985714286,0,97.0891272439,0,0,3,0,10,4,si
56523,21.95,1.0,41.292,0,-85.43,0,94.5724817127,0,0,3,0,4,1,no
56747,3.31666666667,0.0,40.59785,3,-85.40305,0,6.50466029464,0,0,0,0,8,4,no
3480,3.58333333333,0.88,41.5884375,0,-86.37685,0,112.056527561,0,2,0,0,13,2,no
86850,1.21666666667,0.75,39.39515,0,-85.7261,0,29.6250593324,0,0,3,0,9,5,si
39947,6.16666666667,0.0,41.56025,3,-87.2239,0,8.33940217027,0,0,0,0,0,1,no
67237,0.266666666667,0.0,39.92,0,-85.0045,0,25.2981854804,0,0,3,0,12,2,no
1201572,6.26666666667,0.0,38.04,3,-87.43,0,50.3741511821,0,0,0,0,3,6,no
57233,0.55,0.0,41.5519,0,-87.21845,0,27.6797415278,0,0,3,0,0,4,no
1220789,8.66666666667,0.0,38.025,3,-86.7,0,14.8100214833,0,0,3,0,1,2,si
12786,61.9833333333,0.0,40.25535,2,-87.24125,0,53.7932270077,0,0,0,0,10,2,no
63420,8.41666666667,1.0,39.9978277778,2,-85.5942166667,0,161.566680069,0,0,0,0,2,1,si
40663,1.05,1.0,38.3842,0,-86.6057666667,0,96.6146365365,0,0,3,0,1,1,si
52798,62.6666666667,0.0,38.613725,2,-85.9196,0,42.2224936688,0,0,0,0,11,2,no
76875,8.13333333333,0.0,38.9218928571,3,-87.0208571429,0,90.3873244325,0,0,3,0,6,2,no
4896,2.9,1.0,40.46501,0,-86.25518,0,62.2343601336,0,0,0,0,2,2,no
58011,2.71666666667,1.0,40.8966666667,0,-85.686,0,90.4467754729,0,0,3,0,8,1,no
7979,1.71666666667,1.75,41.29285,0,-85.07586,0,140.531334473,0,1,3,0,8,2,no
17140,8.5,1.75,39.257425,3,-85.010125,0,93.1293375099,0,0,3,0,5,3,si
90150,1.93333333333,2.0,40.2029571429,0,-86.6682142857,0,95.8495497124,0,0,3,0,10,4,si
90151,2.58333333333,0.0,40.22445,0,-86.9279,0,127.531727605,0,0,3,0,10,4,si
1205600,0.916666666667,1.0,41.26,2,-86.55,0,36.9761569478,0,0,0,0,13,1,no
1193879,3.13333333333,0.0,40.3154166667,0,-86.4966666667,0,116.646486981,0,1,3,0,10,4,si
1205599,3.06666666667,0.0,41.4325,0,-85.9525,0,38.7430534069,0,0,3,0,4,1,no
36132,85.9833333333,0.0,37.93295,2,-87.6644,0,30.1990017022,0,0,0,0,3,7,si
1188698,9.78333333333,1.0,38.2342857143,0,-87.4578571429,0,39.6628875403,0,0,3,0,3,3,no
11928,64.8,0.0,40.06782,2,-87.29376,0,77.6555670784,0,0,0,0,10,2,no
71421,0.666666666667,1.0,41.57194,0,-87.27,0,31.3333638198,0,0,0,0,0,2,no
45581,1.08333333333,0.75,40.0844,0,-86.08765,0,66.6656881283,0,0,3,0,2,3,si
17961,4.85,0.0,40.8149875,0,-85.3867,0,149.102253892,0,0,3,0,8,1,no
40901,0.4,0.0,40.6563,0,-86.5308,0,26.230868813,0,2,0,0,13,2,no
1212624,8.56666666667,1.75,38.4566666667,1,-86.1444444444,0,57.1424278236,0,0,3,0,1,1,si
20030,1.05,0.0,38.3010333333,0,-86.1129666667,0,25.970603441,0,1,0,0,1,3,si
44174,0.4,0.0,40.66455,0,-85.9381,0,82.5062828261,0,0,3,0,2,3,si
40867,0.5,0.0,40.3962333333,0,-86.8448666667,0,25.7996221957,0,0,3,0,10,4,si
29893,1.8,1.0,38.35375,0,-86.40875,0,55.2735113425,0,0,3,0,1,1,si
67184,0.6,1.25,39.14935,0,-85.37345,0,16.9389696338,0,0,0,0,5,2,no
31705,25.0,0.0,41.65805,2,-87.0965,0,14.6597066852,0,0,0,0,0,1,no
1203213,54.0,0.0,41.425,2,-85.645,0,40.364452464,0,0,0,0,4,2,no
40879,2.0,0.0,38.84855,3,-86.9287375,0,119.981875067,0,0,3,0,6,2,no
40873,0.433333333333,1.0,39.070025,0,-85.84385,0,26.4110845953,0,0,3,0,11,1,no
40470,2.25,0.75,41.3503,0,-87.2559,0,54.9379365644,0,0,3,0,0,4,no
40475,4.25,0.0,41.4908722222,3,-87.3675555556,0,33.3973810262,0,0,3,0,0,3,no
1186554,1.13333333333,0.75,37.9733333333,0,-87.25,0,44.1456429046,0,0,0,0,3,10,no
31522,4.78333333333,0.0,38.3723,3,-86.3058785714,0,70.3101027127,0,0,0,0,1,4,si
31521,1.0,0.0,38.3,0,-86.395,0,65.5187364982,0,0,3,0,1,1,si
39282,27.0,0.0,38.52085,2,-87.26645,0,3.50714839354,0,0,0,0,3,7,si
89699,2.55,0.0,41.0533333333,0,-85.7033333333,0,101.138779071,0,0,3,0,8,1,no
28273,6.0,0.0,40.567825,3,-87.38765,0,40.5203631023,0,0,3,0,14,2,no
39441,1.56666666667,0.88,40.7061,0,-85.996505,0,115.680699883,0,1,3,0,2,2,no
72839,0.366666666667,1.0,38.3107,0,-87.6425,0,15.1933143642,0,0,0,0,3,10,no
8679,1.38333333333,0.0,41.335,0,-87.05,0,21.6459172122,0,0,3,0,0,4,no
38137,89.0,0.0,38.500925,2,-87.417725,0,21.6318201834,0,0,0,0,3,7,si
13783,66.6666666667,0.0,39.8406285714,2,-87.3509714286,0,123.785130667,0,0,0,0,10,2,no
5735,2.0,0.0,38.62,2,-87.35,0,2.1328433314,0,0,0,0,6,1,no
5734,1.43333333333,0.0,39.6905666667,0,-86.9939555556,0,76.0508647736,0,0,3,0,7,5,si
5736,2.0,0.0,39.5633333333,2,-86.4348,0,153.773758245,0,0,0,2,7,2,si
5731,4.9,1.25,38.970825,0,-87.0093,0,118.941038696,0,0,0,1,6,3,si
5739,5.0,0.0,39.76557,2,-85.91379,0,120.983047092,0,0,3,1,9,4,si
50015,8.18333333333,0.0,39.1816166667,3,-84.9329666667,0,94.5767900825,0,0,0,0,5,1,no
1197297,1.3,0.0,38.2928571429,0,-86.7628571429,0,50.0061167552,0,0,3,0,1,1,si
30922,21.5666666667,0.0,41.3197666667,0,-85.8333,0,19.8306743717,0,0,3,0,4,1,no
66452,1.6,0.0,38.5049,0,-86.11704,0,47.3151449231,0,0,3,0,1,1,si
61671,0.883333333333,0.0,38.3775,0,-86.6925,0,56.3199486484,0,0,3,0,1,1,si
1218268,1.76666666667,1.75,41.4871428571,0,-87.0214285714,0,48.522340391,0,0,3,0,0,4,no
19496,1.53333333333,0.0,41.12023,0,-85.31808,0,52.3473089841,0,1,3,0,8,2,no
1218262,0.283333333333,0.0,41.61,0,-87.05,0,3.16966469046,0,0,3,0,0,4,no
23361,30.0,0.0,41.57995,2,-87.42165,0,13.2237802451,0,0,0,0,0,1,no
52947,6.08333333333,0.0,38.4583538462,3,-86.2812269231,0,80.975794654,0,0,0,0,1,4,si
62733,0.966666666667,1.25,39.3077857143,0,-84.9545428571,0,36.5560656817,0,0,0,0,5,2,no
52941,14.1333333333,1.75,38.4047058824,0,-86.2741176471,0,111.926032739,0,0,3,0,1,1,si
52940,0.783333333333,0.88,38.12,0,-86.6,0,34.8227304504,0,0,3,0,1,1,si
1197272,20.0,0.0,39.735,2,-86.1,0,218.235043843,0,0,0,0,9,1,si
82908,71.5,0.0,37.93915,2,-87.3892,0,4.85716282624,0,0,0,0,3,7,si
65376,0.95,4.0,38.1409708333,0,-87.3836666667,0,51.7365626383,0,0,3,0,3,4,no
58501,4.91666666667,1.75,39.9017535714,2,-86.9032892857,0,169.733045271,0,0,3,0,10,3,si
51975,1.66666666667,0.0,38.30555,2,-86.901725,0,12.1354246749,0,0,0,0,3,7,si
51168,20.2166666667,1.0,38.2571821429,3,-86.2505285714,0,79.0836939209,0,0,3,0,1,2,si
88250,12.0833333333,1.0,40.01456,0,-86.36146,0,134.304084832,0,0,3,0,9,5,si
88251,2.08333333333,0.0,39.9116,2,-86.1826,0,26.8415306159,0,0,3,0,9,4,si
88252,1.75,0.0,39.7271,2,-86.38085,0,3.4718174727,0,0,0,0,9,1,si
51762,23.5,0.0,38.4105,3,-86.5869333333,0,121.900871886,0,2,3,0,1,2,si
60503,5.23333333333,0.88,39.1120833333,2,-86.5612305556,0,125.750434298,0,0,3,1,7,3,si
74538,2.06666666667,0.0,41.63875,0,-86.40625,0,72.0680720576,0,0,3,0,13,4,no
26096,4.0,0.0,40.19985,2,-85.38115,0,2.70134612204,0,0,0,0,12,1,no
83172,0.35,0.0,39.4557375,0,-85.238,0,58.7279408231,0,2,3,0,12,4,no
64171,3.1,1.5,38.50625,0,-86.10375,0,95.9503913384,0,0,3,0,1,1,si
1191357,2.0,0.0,40.925,2,-85.915,0,58.3604330631,0,0,3,0,13,5,no
1191350,0.6,0.75,41.63,0,-86.765,0,21.7908023915,0,0,3,0,0,4,no
1191358,3.16666666667,1.0,41.0683333333,1,-86.42,0,128.720693353,0,0,3,0,13,4,no
52528,0.733333333333,0.75,38.2007166667,0,-87.0399,0,17.3653197219,0,0,3,0,3,3,no
38829,0.333333333333,1.5,40.7033333333,0,-85.3533333333,0,22.212382425,0,0,3,0,8,1,no
74339,18.5,0.0,38.3311722222,3,-86.3541777778,0,75.9002049069,0,2,3,0,1,2,si
60433,2.76666666667,1.0,38.38,0,-86.1666666667,0,87.5149087916,0,0,0,0,1,3,si
21194,2.95,1.75,39.5474583333,0,-86.6573666667,0,145.227808718,0,0,3,0,7,5,si
52634,2.28333333333,0.0,37.98478,1,-87.35469,0,66.6722847145,0,0,3,0,3,2,no
48392,0.566666666667,0.0,41.13518,0,-85.6703,0,85.7271310051,0,0,3,0,4,1,no
17049,82.0,0.0,38.40455,2,-87.5805,0,2.40918409247,0,0,0,0,3,7,si
1213128,0.85,1.0,40.575,0,-85.685,0,24.7049043196,0,0,0,0,8,5,no
1213124,2.71666666667,1.0,41.21875,0,-85.51,0,137.859351977,0,0,3,0,4,1,no
1206367,4.6,0.0,38.9525,3,-85.0425,0,31.2305680748,0,0,0,0,5,1,no
84579,2.0,1.5,38.0610722222,1,-87.2792277778,0,65.5863704265,0,0,3,0,3,2,no
45012,0.7,0.0,38.104875,0,-87.696075,0,27.2071488296,0,0,3,0,3,3,no
18207,0.816666666667,0.0,39.4033333333,0,-85.0366666667,0,64.3982268152,0,0,3,0,5,3,si
29246,6.25,0.0,41.3078833333,3,-85.7151166667,0,109.867314381,0,0,0,0,4,2,no
80210,3.63333333333,0.0,39.727447619,0,-85.8968904762,0,108.209698297,0,0,3,0,9,5,si
90168,3.8,0.0,39.8215666667,2,-86.6930166667,0,43.5705251646,0,0,0,0,10,2,no
34273,11.6833333333,0.0,37.98865,2,-87.4887,0,58.7095340903,0,0,0,0,3,7,si
1215761,3.63333333333,0.88,41.0188888889,0,-85.6044444444,0,86.9773662611,0,0,3,0,8,1,no
1215764,4.26666666667,1.0,41.03,1,-85.742,0,111.886241405,0,0,3,0,8,1,no
39528,24.0,0.0,37.9801,3,-87.1863,0,43.7895821057,0,0,0,0,3,6,no
58593,16.75,0.0,38.7958,2,-85.6505,0,2.73288878988,0,0,0,0,11,2,no
29404,2.33333333333,0.0,38.1790583333,0,-87.54985,0,72.9719845913,0,0,3,0,3,3,no
47864,8.83333333333,0.0,39.5087833333,2,-84.9856333333,0,68.7946610198,0,0,3,0,12,3,no
31737,5.86666666667,1.5,40.3442352941,3,-86.7055176471,0,98.7232898724,0,0,3,0,10,3,si
1697,2.0,0.0,37.95,1,-87.425,0,15.8697203316,0,0,0,0,3,8,no
30158,1.0,1.0,38.27229,3,-86.41586,0,51.6189116012,0,0,3,0,1,2,si
1201591,6.0,0.0,38.1,3,-87.27,0,2.17697331186,0,0,0,0,3,6,no
54105,7.26666666667,1.75,40.3280628205,3,-86.2865102564,0,133.251963507,0,0,3,0,2,4,si
66266,0.833333333333,1.0,41.08,0,-85.15,0,19.5496830701,0,0,0,0,8,5,no
61480,1.05,1.0,40.825,0,-87.45,0,16.0436566881,0,0,0,0,14,3,no
72828,3.98333333333,0.88,39.33092,0,-86.66644,0,153.50594228,0,1,3,0,7,4,no
78788,5.08333333333,0.0,39.7093,2,-86.02795,0,37.6521062201,0,0,0,0,9,1,si
50488,5.48333333333,1.0,38.9380375,3,-87.1470791667,0,81.0378361684,0,0,3,0,6,2,no
50954,1.53333333333,1.25,38.2954333333,0,-87.4348,0,52.0936452359,0,0,3,0,3,3,no
9813,3.91666666667,1.75,41.4830205882,3,-87.2468617647,0,46.6923415946,0,0,3,0,0,3,no
67997,13.2833333333,0.88,38.4186,0,-87.65135,0,11.154058921,0,0,0,0,3,10,no
67999,7.0,0.0,38.49,1,-87.405,0,15.3162928775,0,0,0,0,3,8,no
77051,2.76666666667,0.0,41.3399166667,0,-87.3472916667,0,128.664898634,0,0,3,0,0,4,no
1185238,0.966666666667,0.0,41.73,0,-84.93,0,1.6862761328,0,0,1,0,4,3,no
31993,30.0,0.0,38.5119,2,-87.28405,0,1.84640734921,0,0,0,0,3,7,si
76879,2.73333333333,0.0,39.528175,3,-85.755975,0,3.32283138906,0,0,0,0,9,1,si
22323,4.03333333333,0.0,41.2852642857,0,-87.2990428571,0,120.409578465,0,3,3,0,0,4,no
1204052,1.61666666667,0.0,38.4833333333,0,-86.2333333333,0,84.8383455843,0,0,3,0,1,1,si
59624,0.633333333333,0.0,38.0794333333,0,-87.6568333333,0,41.0667861695,0,0,3,0,3,3,no
76877,0.833333333333,1.25,40.382825,0,-86.009425,0,56.8393861055,0,0,3,0,2,3,si
75432,4.05,0.0,38.6551,3,-87.09155,0,1.98246000033,0,0,0,0,6,1,no
32762,7.13333333333,0.88,39.7429027778,2,-86.7134333333,0,145.192843264,0,0,3,0,7,3,si
1214581,1.53333333333,1.0,40.3275,0,-86.6525,0,42.4321066032,0,0,3,0,10,4,si
1214582,2.61666666667,1.75,39.6122916667,0,-86.2375,0,139.559112201,0,0,3,0,9,5,si
51205,0.966666666667,0.0,41.30165,0,-87.244325,0,35.811985173,0,0,3,0,0,4,no
51201,0.966666666667,0.88,41.1323928571,0,-87.2160714286,0,56.7241764136,0,2,3,0,14,4,no
56760,2.95,1.75,41.5728333333,0,-85.9906666667,0,94.9432390571,0,0,3,0,4,1,no
60530,0.966666666667,1.5,38.42,0,-86.5225,0,86.9210854033,0,0,0,0,1,3,si
64168,2.71666666667,0.0,38.28,0,-86.31,0,119.217156658,0,0,3,0,1,1,si
52314,6.43333333333,3.0,39.66655625,3,-85.06485625,0,132.837439362,0,0,3,0,12,4,no
17308,6.98333333333,0.0,38.87675,3,-87.1198,0,50.7395091586,0,0,0,0,6,1,no
17309,13.1166666667,0.0,38.6209,2,-87.07345,0,9.57524098772,0,0,0,0,6,1,no
56618,3.0,0.0,40.95985,3,-85.2601,0,10.0968114029,0,0,0,0,8,4,no
1191344,3.75,1.75,41.04125,0,-85.9033333333,0,150.324123622,0,0,3,0,13,4,no
1191340,0.416666666667,0.0,38.305,0,-85.98,0,12.287217971,0,0,3,0,1,1,si
1191343,4.03333333333,0.0,41.0425,0,-86.085,0,97.5140087718,0,0,3,0,13,4,no
13321,60.0,0.0,40.94700625,3,-87.40645,0,114.776134779,0,0,0,0,14,1,no
17123,1.35,0.0,37.97555,3,-87.5485,0,2.82469132494,0,0,0,0,3,6,no
17125,1.0,0.0,37.89,1,-87.135,0,10.8952824164,0,0,0,0,3,8,no
41855,0.75,0.0,37.98,1,-87.55,0,1.92405537778,0,0,3,0,3,2,no
53133,3.38333333333,0.88,41.1609535714,0,-87.3426464286,0,108.252371817,0,0,3,0,14,4,no
43630,3.7,0.0,41.3009078947,0,-85.6018789474,0,114.629254632,0,0,3,0,4,1,no
90555,4.35,0.0,39.3941083333,3,-86.5172625,0,193.566484993,0,0,3,0,7,3,si
80089,3.58333333333,0.88,39.9273739583,0,-86.4502979167,0,244.24941385,0,3,3,0,9,5,si
53264,1.0,0.75,37.95275,3,-87.678475,0,33.4659878922,0,0,0,0,3,6,no
53267,12.8666666667,0.0,37.95065,1,-87.581325,0,36.9227371372,0,0,0,0,3,8,no
52624,3.6,1.0,41.3616666667,0,-86.5183333333,0,78.5473107196,0,0,0,0,13,2,no
9230,6.33333333333,0.0,41.5875,3,-87.335,0,22.9844933109,0,0,3,0,0,3,no
18079,9.98333333333,0.75,40.99475,3,-86.3136,0,58.3193633996,0,0,0,0,13,1,no
42721,0.333333333333,0.0,40.7952666667,0,-87.2621,0,50.7374421832,0,0,3,0,14,4,no
33161,41.9833333333,1.75,38.3798076923,3,-85.8400653846,0,108.29478071,0,0,3,0,11,1,no
1213134,4.11666666667,1.25,41.0578571429,0,-85.9435714286,0,100.557149809,0,0,0,0,13,2,no
1213130,2.38333333333,1.0,40.7062962963,0,-85.7914814815,0,110.66965218,0,0,3,0,8,1,no
1216187,0.35,0.0,38.925,0,-84.9775,0,16.7797864922,0,0,3,0,5,3,si
48034,1.63333333333,1.0,38.2872,0,-87.5326142857,0,54.1341190488,0,1,0,0,3,10,no
44535,0.583333333333,0.0,38.5666666667,0,-85.8966666667,0,57.5350280473,0,0,3,0,11,3,no
33342,32.5833333333,0.0,37.9609,3,-87.4629,0,20.9511135263,0,0,0,0,3,6,no
24069,0.266666666667,0.0,38.17555,0,-87.55,0,23.8849545444,0,0,3,0,3,3,no
1212609,0.466666666667,1.0,41.165,0,-87.4,0,9.30511835,0,0,0,0,14,3,no
2821,91.4833333333,0.0,38.47,2,-87.455,0,34.5595339177,0,0,0,0,3,7,si
85766,0.483333333333,0.0,39.6384333333,0,-85.1215833333,0,21.1830672799,0,0,3,0,12,2,no
1188727,6.91666666667,1.0,39.7163157895,0,-86.5231578947,0,178.130011628,0,0,3,0,7,5,si
71202,12.9833333333,0.0,39.7002071429,2,-86.1100714286,0,121.14733571,0,0,3,0,9,4,si
1188728,11.4333333333,1.75,39.5693939394,3,-86.5903030303,0,148.840619408,0,0,3,0,7,3,si
71206,2.75,0.0,39.5304047619,0,-86.535852381,0,163.727507926,0,0,3,0,7,5,si
87379,0.616666666667,0.0,39.0433333333,0,-85.02,0,28.8377030798,0,0,3,0,5,3,si
62478,2.11666666667,2.5,38.131875,0,-87.5411727273,0,70.679238578,0,1,3,0,3,4,no
1219748,1.58333333333,1.0,39.4806666667,0,-86.5933333333,0,135.314855076,0,0,3,0,7,5,si
30588,3.5,0.0,38.14185,3,-87.040725,0,22.6387916982,0,0,0,0,3,6,no
85832,1.1,0.88,38.98791,0,-85.28898,0,44.3792905748,0,0,3,0,5,3,si
33194,3.33333333333,0.0,38.3189,3,-85.880525,0,5.99019860635,0,0,0,0,1,4,si
1215770,24.0166666667,0.0,41.17,3,-85.48,0,2.17697331186,0,0,3,0,4,3,no
1215771,7.08333333333,0.0,40.76,3,-86.89,0,17.8303239234,0,0,3,0,14,2,no
7105,0.383333333333,0.0,38.68945,0,-85.95,0,21.9995403613,0,0,3,0,11,3,no
67298,3.2,1.75,39.0862357143,0,-86.52295,0,115.444759613,0,0,3,1,7,5,si
67294,4.91666666667,1.25,39.4858357143,0,-86.2331607143,0,157.336414172,0,0,3,0,9,5,si
67292,8.0,0.0,40.2046833333,2,-85.4701,0,66.1024459065,0,0,3,0,2,4,si
31727,1.26666666667,0.0,39.69485,1,-86.2474,0,20.713924051,0,0,0,0,9,1,si
1680,0.416666666667,0.0,39.06944,0,-85.016,0,58.5677906151,0,0,3,0,5,3,si
30124,64.25,0.0,38.9372833333,2,-87.1009333333,0,31.9834080044,0,0,0,0,6,1,no
18782,8.11666666667,1.75,41.1541176471,0,-86.1711764706,0,128.325962411,0,0,0,0,13,2,no
18787,1.01666666667,0.75,40.89,0,-85.1025,0,27.6047430592,0,0,3,0,8,1,no
67500,3.86666666667,1.25,41.2410388889,0,-86.0074851852,0,166.652233425,0,2,3,0,13,3,no
8255,16.5,1.75,39.33314375,1,-86.10210625,0,191.677784195,0,0,3,0,9,5,si
8253,0.533333333333,0.0,39.8849,0,-85.5486,0,9.66596061046,0,0,3,0,12,2,no
40495,3.88333333333,1.0,41.2744823529,0,-85.9815568627,0,127.505794927,0,0,3,0,13,4,no
91289,24.5333333333,0.0,39.2999,1,-86.15284,0,93.917915236,0,0,3,0,9,5,si
55503,0.916666666667,0.0,41.015,0,-86.235,0,98.5054078926,0,0,3,0,13,4,no
66270,1.3,1.0,41.39,0,-86.275,0,43.3782857234,0,0,3,0,13,4,no
40255,1.31666666667,0.0,38.165,0,-87.46741,0,63.0665709608,0,0,3,0,3,3,no
28582,1.73333333333,4.5,41.1255545455,0,-85.9967818182,0,55.0840449394,0,0,3,0,13,3,no
1188853,3.1,0.75,38.3333333333,3,-86.1616666667,0,89.6003660105,0,0,0,0,1,4,si
84984,1.0,0.0,39.00955,2,-85.03395,0,6.41398182824,0,0,0,0,5,1,no
50965,1.81666666667,0.0,38.1327852941,0,-87.4269058824,0,62.8769209205,0,2,3,0,3,3,no
67875,1.58333333333,0.75,38.118015625,1,-87.5638125,0,67.9633763836,0,0,3,0,3,2,no
31187,1.08333333333,1.75,39.0175,1,-87.0875,0,11.0417779869,0,0,3,0,6,3,si
89780,13.5,0.0,41.4763875,3,-87.2063125,0,21.4312254802,0,0,0,0,0,1,no
89782,6.25,0.0,41.489225,3,-87.48815,0,5.57317741547,0,0,0,0,0,1,no
31984,1.25,0.0,38.25,1,-87.58,0,1.32944756907,0,0,0,0,3,8,no
1197256,0.8,0.0,40.735,2,-86.04,0,127.315938221,0,0,0,0,13,1,no
1193872,2.0,0.0,39.78,3,-86.15,0,2.17697331186,0,0,0,0,9,1,si
19477,4.2,1.0,41.3782818182,0,-85.9242727273,0,115.893456008,0,0,3,0,4,1,no
1193873,5.08333333333,0.75,40.0846153846,3,-86.7146153846,0,66.2237462748,0,0,3,0,10,3,si
1197259,0.566666666667,0.0,39.54,0,-84.875,0,43.5613199951,0,0,3,0,12,2,no
66709,3.25,0.0,41.5764375,3,-86.5722375,0,37.9942814636,0,0,3,0,13,5,no
1205803,74.0,0.0,37.99,2,-87.54,0,3.92655717506,0,0,0,0,3,7,si
1205802,2.0,0.0,38.1,3,-87.27,0,2.17697331186,0,0,0,0,3,6,no
1205800,2.0,0.0,38.0,3,-87.0,0,2.17697331186,0,0,0,0,3,6,no
73960,20.25,0.0,39.35065,2,-87.51455,0,3.80586243375,0,0,0,0,6,1,no
59998,24.0,0.0,37.9541,2,-86.77635,0,5.55770677438,0,0,0,0,1,4,si
19079,57.5,1.75,39.6437109091,3,-86.4037336364,0,177.695664179,0,0,3,1,9,4,si
76867,2.41666666667,0.75,39.7486409091,2,-86.2887545455,0,50.8863911177,0,0,3,0,9,4,si
53720,1.21666666667,0.0,38.30612,0,-86.08907,0,67.2847261427,0,0,3,0,1,1,si
60891,14.4333333333,1.75,41.0628571429,0,-86.3142857143,0,65.2793123236,0,0,0,0,13,2,no
67797,0.85,0.88,41.26165,0,-85.47415,0,38.5464128571,0,0,0,0,4,3,no
86337,3.41666666667,1.0,39.8198125,3,-85.00645,0,28.6064132694,0,0,3,0,12,3,no
56519,0.45,0.75,40.83,0,-84.8966666667,0,6.30535417035,0,0,0,0,8,5,no
84969,1.93333333333,0.0,39.53235,2,-84.873025,0,67.9456834279,0,0,0,0,12,1,no
5971,7.33333333333,0.0,41.337925,3,-85.8233916667,0,119.151960505,0,0,3,0,4,3,no
27098,2.68333333333,0.0,41.3052125,0,-86.410525,0,82.2167375687,0,0,3,0,13,4,no
21045,11.5166666667,0.88,39.5793,3,-86.2274475,0,173.285662854,0,0,3,0,9,4,si
70344,9.0,0.0,38.0165333333,3,-87.51615,0,23.5702167157,0,0,0,0,3,6,no
1208090,3.83333333333,1.75,39.2721428571,3,-85.02,0,96.4225264204,0,0,3,0,5,3,si
73191,0.6,0.88,41.0411,0,-87.2954,0,28.0428600519,0,0,0,0,14,3,no
1206696,0.95,1.0,40.8391666667,0,-85.4966666667,0,74.7861574226,0,0,3,0,8,1,no
11420,1.66666666667,1.0,41.0792,0,-87.27,0,91.6537142156,0,1,3,0,14,4,no
1191371,15.6833333333,1.0,40.1475,3,-85.934375,0,146.695743227,0,0,3,0,2,4,si
50462,19.6666666667,0.0,40.1905666667,2,-86.74975,0,113.016618368,0,0,3,1,10,3,si
1191373,4.38333333333,2.0,39.7704761905,0,-85.7676190476,0,165.811390935,0,0,3,0,9,5,si
1191372,4.1,1.0,39.6725,0,-86.2975,0,69.1195528053,0,0,3,1,9,5,si
57005,1.15,0.0,40.385,0,-86.08,0,24.0694340883,0,0,3,0,2,3,si
57006,1.95,0.88,40.14642,0,-86.29434,0,82.2107716988,0,0,3,0,2,3,si
54988,3.5,0.0,41.3079,3,-87.32925,0,17.9607884916,0,0,0,0,0,1,no
17685,1.55,0.0,38.11,1,-87.5311166667,0,64.3502917486,0,0,3,0,3,2,no
1184684,23.75,0.0,39.4714285714,3,-85.4571428571,0,292.068907356,0,0,0,0,12,1,no
38847,3.36666666667,3.25,39.4597222222,1,-86.4008333333,0,110.732322325,0,0,3,0,7,4,no
3723,25.0,0.0,40.0866666667,2,-85.9029666667,0,59.735863784,0,0,0,0,2,1,si
4687,3.43333333333,1.0,39.7888769231,0,-86.4620602564,0,150.729334888,0,2,3,0,9,5,si
42714,0.45,0.0,41.6,0,-87.45,0,6.15317865224,0,0,3,0,0,4,no
42718,12.3333333333,0.0,41.5799,0,-87.2651,0,12.1630588325,0,0,3,0,0,4,no
64537,3.3,0.0,41.0677777778,0,-86.0066666667,0,143.530746816,0,0,3,0,13,4,no
53121,4.36666666667,1.75,40.6633333333,0,-86.1,0,96.6488148726,0,0,0,0,2,2,no
49061,1.18333333333,0.0,38.3694777778,0,-86.3541,0,80.5769265992,0,1,3,0,1,1,si
43627,6.73333333333,0.0,41.009775,3,-86.27705,0,67.7105972053,0,0,3,0,13,5,no
80271,4.0,0.0,37.98,1,-87.55,0,1.32944756907,0,0,0,0,3,8,no
48622,13.3333333333,0.0,39.6963333333,2,-84.9840666667,0,23.8505423464,0,0,0,0,12,1,no
53272,3.5,0.0,38.2477833333,3,-87.3243666667,0,50.7887578534,0,0,3,0,3,1,no
33110,4.75,0.0,40.0886,0,-86.9554,0,110.419579574,0,0,3,1,10,4,si
33339,2.58333333333,0.0,38.00835,3,-86.9584,0,22.9012444999,0,0,0,0,3,6,no
33624,18.2166666667,0.0,38.3282214286,3,-85.9306464286,0,53.2923425227,0,2,0,0,1,4,si
5204,2.61666666667,0.0,41.023,0,-85.808,0,101.952348203,0,0,3,0,4,1,no
57951,1.08333333333,0.0,38.3120625,0,-86.4458125,0,38.4474634835,0,2,3,0,1,1,si
3486,1.83333333333,1.0,38.276,0,-86.064,0,90.9556358706,0,0,3,0,1,1,si
3544,1.0,0.0,39.83,2,-84.9,0,2.1328433314,0,0,0,0,12,1,no
3547,1.65,0.0,39.83,2,-84.9,0,2.1328433314,0,0,0,0,12,1,no
1212617,1.0,1.0,38.5825,0,-86.06,0,59.6596915005,0,0,3,0,1,1,si
1212615,5.2,1.0,38.5971428571,0,-86.0985714286,0,87.2537093427,0,0,3,0,1,1,si
80304,2.78333333333,0.0,41.14685,0,-87.138645,0,94.7439833941,0,2,2,0,14,4,no
44639,1.58333333333,0.0,40.16214,0,-86.12866,0,130.505124268,0,0,3,0,2,3,si
44145,3.33333333333,0.0,40.85,0,-85.975,0,102.839738357,0,0,3,0,13,4,no
14344,24.0,0.0,38.79615,2,-86.702,0,2.32921676448,0,0,0,0,6,1,no
26786,52.0,0.0,39.8204375,2,-87.32,0,117.218505209,0,0,0,0,10,2,no
14342,29.0,0.0,39.72707,3,-86.446995,0,148.623387368,0,0,0,1,9,1,si
26784,20.9833333333,0.0,40.39515,2,-86.93285,0,4.05789634281,0,0,0,0,10,2,no
67288,0.533333333333,1.0,39.5933333333,0,-85.8966666667,0,77.8471272973,0,0,3,0,9,5,si
67289,3.65,1.0,39.5951,0,-86.31956,0,182.678874921,0,0,3,0,9,5,si
4568,3.63333333333,1.75,39.3840146341,0,-86.6265804878,0,141.822638886,0,0,3,0,7,5,si
67286,6.56666666667,2.0,39.1322916667,0,-86.3010666667,0,214.799339383,0,0,3,0,7,5,si
67287,3.35,1.75,38.9859222222,2,-86.4953833333,0,79.3082924786,0,0,3,0,7,3,si
30135,9.08333333333,1.75,40.2043409091,3,-86.7456363636,0,171.441991887,0,0,3,0,10,3,si
44038,0.766666666667,0.88,40.2102,0,-85.2188,0,32.0641715785,0,0,3,0,12,2,no
67517,6.48333333333,1.25,40.93,0,-85.8342857143,0,137.913448976,0,0,3,0,8,1,no
72159,1.75,1.0,38.2843833333,3,-86.3388,0,42.8310481818,0,0,0,0,1,4,si
72157,3.81666666667,1.75,38.5490909091,0,-86.2509090909,0,107.05504542,0,0,0,0,1,3,si
50373,3.43333333333,1.0,40.7238461538,0,-86.0353846154,0,112.282221687,0,0,3,0,13,4,no
1197139,5.2,2.5,41.34375,3,-85.5375,0,63.4034634617,0,0,0,0,4,2,no
7601,2.0,0.0,40.65,3,-86.6338,0,5.391289,0,0,0,0,10,2,no
15674,1.06666666667,0.0,39.2463666667,2,-85.0287833333,0,46.5283786979,0,0,0,0,5,1,no
77216,4.01666666667,1.25,41.558,0,-86.064,0,82.17630244,0,0,3,0,4,1,no
61604,7.45,1.5,39.4626921875,2,-86.4587765625,0,157.483260978,0,1,3,0,7,3,si
31069,3.3,0.0,40.95065,0,-85.7982625,0,137.025237297,0,0,3,0,8,1,no
28331,32.4166666667,0.0,39.4052,2,-87.00735,0,4.17613498748,0,0,0,0,7,2,si
19199,4.65,1.0,39.9026527778,1,-86.4781847222,0,171.037475828,0,0,3,0,9,5,si
72573,7.9,1.75,38.8382625,0,-87.0733625,0,134.084181014,0,0,0,0,6,3,si
72574,2.78333333333,2.0,39.63559375,0,-86.325575,0,78.9947182511,0,0,0,0,9,2,no
1197264,0.483333333333,0.88,40.42,0,-86.87,0,1.92405537778,0,0,0,0,10,1,no
1197267,0.5,0.0,39.335,0,-86.825,0,68.5618425378,0,0,3,0,7,5,si
1197266,5.33333333333,1.75,40.0866666667,3,-86.249047619,0,143.962674348,0,0,3,0,2,4,si
1197269,0.916666666667,0.0,39.52,0,-85.775,0,124.041901108,0,0,3,0,9,5,si
3957,13.1,0.0,40.7133333333,2,-87.2066666667,0,20.7163464131,0,0,0,0,14,1,no
76856,0.633333333333,0.88,38.84,0,-86.9725,0,122.456984115,0,0,3,0,6,3,si
76852,9.33333333333,1.25,40.244615,2,-86.23307,0,132.191790898,0,0,3,1,2,4,si
87529,6.21666666667,0.0,40.1193625,3,-85.82370625,0,73.235890866,0,0,3,0,2,4,si
87528,2.4,0.0,39.468,3,-87.295075,0,18.4962093563,0,0,0,0,6,1,no
55433,0.466666666667,0.0,41.18805,0,-85.587125,0,27.5568109908,0,0,3,0,4,1,no
39254,4.18333333333,0.0,37.88,1,-87.05,0,1.32944756907,0,0,0,0,3,8,no
27005,0.366666666667,0.75,37.965,0,-87.47585,0,10.5923633325,0,0,0,0,3,10,no
32982,12.0,0.0,39.3779,3,-85.96215,0,173.884833811,0,0,3,0,9,4,si
73195,0.316666666667,0.88,41.63,0,-87.35,0,19.9901506838,0,0,3,0,0,4,no
1178389,0.266666666667,1.5,40.598,0,-87.422,0,15.4104236398,0,0,3,0,14,4,no
74745,13.4666666667,0.88,38.0677785714,3,-87.5160857143,0,39.0440634235,0,0,0,0,3,6,no
1193834,1.53333333333,0.0,38.4442857143,0,-86.0457142857,0,52.9576969586,0,0,3,0,1,1,si
1178380,12.0,0.0,40.73,2,-84.92,0,2.1328433314,0,0,0,0,8,4,no
27243,2.33333333333,0.88,38.185,0,-87.73,0,14.9280847679,0,0,3,0,3,3,no
23393,1.85,0.0,41.09,0,-86.125,0,43.0580689119,0,0,3,0,13,4,no
10041,2.33333333333,0.0,38.975,3,-85.35,0,6.3808212038,0,0,0,0,5,1,no
16184,1.91666666667,0.0,37.962525,3,-87.4957,0,16.4295655395,0,0,0,0,3,6,no
1210007,10.0,1.25,39.9060416667,0,-86.09875,0,120.798861853,0,0,3,1,9,5,si
1213149,6.73333333333,2.0,39.7206060606,3,-86.1013636364,0,146.052599765,0,0,3,1,9,4,si
1210008,2.25,0.75,39.1339473684,0,-87.155,0,119.651053221,0,0,3,0,6,3,si
1213148,1.71666666667,0.0,39.916,0,-86.744,0,90.2808958134,0,0,3,0,10,4,si
57019,2.16666666667,1.0,39.76062,0,-86.29106,0,103.822551477,0,0,3,0,9,5,si
1191366,5.03333333333,0.0,39.7641666667,3,-85.9391666667,0,129.466669093,0,1,3,1,9,4,si
1191364,4.35,1.75,39.7887804878,0,-86.396097561,0,129.102649078,0,0,3,0,9,5,si
1191365,1.56666666667,0.75,39.7225,0,-86.595,0,145.65830515,0,0,0,0,7,1,no
1191363,1.45,1.75,40.7388888889,0,-85.3616666667,0,85.0751080639,0,0,3,0,8,1,no
4452,2.75,0.0,41.1275,1,-85.0165,0,21.6345938393,0,0,3,0,8,1,no
1205001,0.3,0.75,41.21,0,-86.125,0,69.9519718079,0,0,0,0,13,2,no
16988,3.0,0.0,39.0347,2,-85.118475,0,28.57368475,0,0,0,0,5,1,no
75764,3.75,1.25,41.3106416667,2,-87.3698,0,103.265391284,0,0,3,0,0,3,no
67290,3.23333333333,1.0,39.73295,0,-86.2355,0,160.470355332,0,0,3,0,9,5,si
4692,1.5,0.0,37.93,3,-87.9183,0,1.60934,0,0,0,0,3,6,no
52191,1.05,1.5,39.858,0,-86.9,0,79.6755138516,0,0,0,0,10,1,no
61953,4.56666666667,1.75,38.7402,0,-87.2971333333,0,38.4358681909,0,0,3,0,6,3,si
61954,2.01666666667,0.0,39.97962,2,-86.08671,0,63.3773555881,0,0,3,0,9,4,si
17215,10.9333333333,1.0,41.1116571429,3,-87.32905,0,65.6343250442,0,0,3,0,14,2,no
63553,4.95,1.0,41.103945283,0,-85.5877660377,0,172.483873519,0,0,3,0,8,1,no
14004,19.0833333333,0.0,40.0376666667,0,-86.1168666667,0,11.0045014365,0,0,0,0,2,2,no
20788,1.03333333333,0.0,38.82045,3,-85.06,0,4.0516560987,0,0,0,0,5,1,no
70537,11.7666666667,1.0,41.53,0,-86.03,0,49.5033495731,0,0,0,0,4,3,no
53805,13.3833333333,1.0,40.91744,3,-85.81606,0,73.8334498421,0,0,3,0,8,3,no
44285,2.38333333333,0.0,41.5031,2,-87.2534333333,0,32.8157540864,0,0,3,0,0,3,no
44283,4.5,0.0,41.54575,3,-87.5248,0,27.36064045,0,0,0,0,0,1,no
57948,3.68333333333,0.0,39.84506,0,-86.14932,0,130.847356493,0,0,3,0,9,5,si
83527,69.4,0.0,39.642325,2,-86.367975,0,135.220290881,0,0,0,2,9,1,si
14358,24.8333333333,0.0,38.8129,2,-85.63965,0,2.10970292605,0,0,0,0,11,2,no
79636,8.45,0.0,38.4436875,2,-86.107875,0,59.6904387504,0,0,3,0,1,2,si
29850,4.98333333333,0.0,41.6955,3,-86.3903,0,12.0846156308,0,0,0,0,13,1,no
83785,0.283333333333,1.25,38.3275,0,-85.785,0,10.5791947056,0,0,0,0,11,3,no
71469,1.0,0.0,39.9034,1,-84.9491,0,0.3862416,0,0,0,0,12,1,no
5958,2.2,0.0,40.75,3,-86.35,0,2.17697331186,0,0,0,0,13,1,no
30106,14.0833333333,1.5,41.613275,3,-86.398925,0,65.2106652129,0,0,3,0,13,5,no
3140,70.45,0.0,39.8428571429,2,-87.3285714286,0,123.52475604,0,0,0,0,10,2,no
28036,0.5,1.0,38.2066666667,0,-85.9812,0,39.2450975689,0,0,0,0,1,3,si
28038,73.45,1.0,38.2189142857,0,-86.0336571429,0,79.85324601,0,0,0,1,1,3,si
29521,0.633333333333,0.0,40.6174428571,0,-85.867,0,50.907029441,0,0,3,0,2,3,si
79661,0.616666666667,0.0,39.6315555556,0,-85.0921888889,0,73.1781881352,0,0,3,0,12,2,no
77225,10.95,0.0,41.08111,3,-85.54289,0,75.7473426506,0,0,3,0,8,3,no
67819,8.58333333333,1.0,40.1197909091,2,-85.6887863636,0,80.4056458832,0,0,3,1,2,4,si
59271,0.716666666667,0.0,38.23,0,-86.7366666667,0,40.3931907985,0,0,3,0,1,1,si
15407,23.0,0.0,39.400475,3,-85.07066875,0,65.7187256762,0,0,0,0,5,1,no
1188893,3.9,1.75,40.5514285714,0,-85.3957142857,0,64.7505433666,0,0,0,0,8,5,no
1188890,6.13333333333,1.75,40.81125,1,-85.880625,0,129.715971545,0,0,3,0,8,1,no
39315,4.83333333333,0.0,39.0987,3,-86.519,0,104.158352181,0,0,0,1,7,2,si
66652,3.96666666667,0.0,41.46,0,-85.454,0,123.138610455,0,0,3,0,4,1,no
50290,2.76666666667,0.0,41.4243,0,-85.9420666667,0,111.62591658,0,0,3,0,4,1,no
28491,33.75,0.0,39.4052,2,-87.00735,0,4.17613498748,0,0,0,0,7,2,si
77089,0.316666666667,1.75,41.50566,0,-87.37268,0,19.4333299883,0,0,3,0,0,4,no
77086,4.33333333333,0.0,41.48,2,-87.00615,0,5.99180427129,0,0,0,0,0,1,no
76840,5.0,0.0,38.85515,3,-86.4498166667,0,4.07782550544,0,0,0,0,1,4,si
87531,3.08333333333,0.88,39.905,0,-86.705,0,99.570969977,0,0,3,0,10,4,si
76847,1.91666666667,0.0,40.1150625,3,-86.1731875,0,65.6773960172,0,0,0,0,2,1,si
86003,1.96666666667,1.75,41.5391,2,-87.485025,0,9.36177680524,0,0,3,0,0,3,no
19240,1.11666666667,0.0,38.0645,0,-87.39415,0,57.8810954322,0,0,3,0,3,3,no
50127,7.48333333333,0.0,38.7289,3,-87.2252,0,7.35034159097,0,0,0,0,6,1,no
15243,0.5,0.0,41.6593,0,-85.9834,0,39.3295096801,0,0,3,0,4,1,no
50128,2.76666666667,1.0,41.5403145833,0,-85.7407354167,0,151.985629459,0,0,3,0,4,1,no
3899,0.516666666667,1.0,38.26046,0,-87.474,0,67.8179036295,0,0,3,0,3,3,no
21029,4.5,0.0,39.4722333333,3,-86.6068733333,0,124.130308951,0,0,3,0,7,3,si
16534,2.0,0.0,38.76145,3,-85.03075,0,35.5044512527,0,0,0,0,5,1,no
38912,5.05,0.0,38.8028,3,-85.06765,0,7.20864122536,0,0,0,0,5,1,no
56175,2.0,1.0,40.6847307692,0,-85.6817076923,0,95.0763371015,0,0,3,0,8,1,no
1198319,1.01666666667,1.75,41.707,0,-84.941,0,16.1401496811,0,0,3,0,4,1,no
23435,0.866666666667,0.88,39.753575,0,-86.2287,0,66.7668391179,0,0,3,0,9,5,si
1198316,4.16666666667,0.0,40.58,3,-86.82,0,2.17697331186,0,0,0,0,10,2,no
43732,1.9,0.0,38.33038,0,-86.5052,0,77.9086129061,0,0,3,0,1,1,si
43730,17.75,1.0,38.572,0,-86.262,0,56.8449271349,0,0,3,0,1,1,si
5957,7.7,0.0,40.97,0,-86.3866666667,0,30.7440747871,0,0,3,0,13,4,no
76934,1.66666666667,0.0,38.9327,3,-85.3604666667,0,5.66028802783,0,0,0,0,5,1,no
19105,2.3,1.25,39.64125,0,-86.5925,0,155.62416095,0,0,3,0,7,5,si
239,6.98333333333,1.0,41.54,0,-87.366,0,36.8818673656,0,0,3,0,0,4,no
56719,1.96666666667,2.0,40.98182,0,-87.34676,0,76.6605296978,0,0,0,0,14,3,no
21027,1.35,0.0,39.0234,3,-85.6349,0,5.69080944703,0,0,0,0,11,2,no
21025,0.583333333333,0.0,41.5037,0,-87.25958,0,27.5720070207,0,0,3,0,0,4,no
21028,1.26666666667,0.0,38.80205,3,-86.41075,0,10.9310619511,0,0,0,0,1,4,si
56711,1.28333333333,0.0,41.3867583333,0,-87.2402,0,69.0988994555,0,0,3,0,0,4,no
19521,1.55,0.0,40.7733333333,0,-86.2788888889,0,80.1032736408,0,0,3,0,13,4,no
1214464,8.73333333333,1.0,38.404,3,-85.924,0,36.3517206937,0,0,3,0,1,2,si
55974,0.316666666667,0.75,39.65,0,-85.13,0,1.71720520704,0,0,3,0,12,2,no
64734,2.03333333333,1.75,40.0940925926,0,-86.0300444444,0,161.396305804,0,0,3,0,2,3,si
52075,14.3166666667,1.75,40.90575,3,-85.4642589286,0,161.601105261,0,1,3,0,8,3,no
17467,12.6666666667,0.75,39.2638666667,3,-85.0724583333,0,105.808900256,0,1,3,2,5,3,si
57020,4.03333333333,1.75,40.1065071429,2,-86.5441642857,0,141.201276474,0,0,3,0,10,3,si
74371,20.7166666667,0.0,41.0134666667,2,-85.6483333333,0,88.9622864666,0,0,0,0,8,4,no
65422,0.633333333333,1.0,41.4679,0,-87.2462,0,32.4193834745,0,0,3,0,0,4,no
65428,0.55,0.0,38.49,0,-86.615,0,44.9897209159,0,0,3,0,1,1,si
13578,78.0,0.0,41.1775583333,3,-86.1342791667,0,124.986635404,0,0,0,0,13,1,no
42263,8.78333333333,0.88,39.5514551282,2,-86.5776615385,0,162.979372298,0,0,3,0,7,3,si
41145,13.3,0.88,40.1574823529,2,-86.5147558824,0,236.4749609,0,0,3,0,10,3,si
81872,29.0,0.0,39.6073666667,3,-86.085975,0,166.347964316,0,0,0,0,9,1,si
21485,11.3333333333,0.0,40.3251166667,3,-85.87095,0,115.867045975,0,0,3,0,2,4,si
62546,0.516666666667,1.0,38.0775,0,-87.81,0,33.909302458,0,0,0,0,3,10,no
21480,0.5,0.0,40.2283,0,-85.165,0,30.1648229296,0,0,3,0,12,2,no
45584,2.48333333333,0.0,39.7249670455,0,-86.1774352273,0,187.240728506,0,1,3,0,9,5,si
1202431,3.13333333333,1.0,39.3083333333,1,-86.475,0,107.267326416,0,0,0,0,7,1,no
1213165,3.83333333333,0.0,39.205,0,-84.975,0,62.8872131582,0,0,3,0,5,3,si
1213168,1.53333333333,0.0,39.36,0,-85.048,0,58.5997107058,0,0,3,0,5,3,si
1183563,1.86666666667,0.0,38.8,2,-85.47,0,2.1328433314,0,0,0,0,11,2,no
1183562,39.75,0.0,38.98,2,-85.63,0,2.1328433314,0,0,0,0,11,2,no
1183561,16.75,0.0,38.98,2,-85.63,0,2.1328433314,0,0,0,0,11,2,no
1183564,10.9166666667,0.0,38.8,2,-85.47,0,2.1328433314,0,0,0,0,11,2,no
1183568,66.0,0.0,38.98,2,-85.63,0,2.1328433314,0,0,0,0,11,2,no
10666,2.76666666667,0.0,40.66,3,-86.24,0,1.4001258,0,0,0,0,13,1,no
90215,1.46666666667,1.0,38.3115666667,0,-87.3965333333,0,29.7821385986,0,0,3,0,3,3,no
4481,0.95,1.0,39.2637,0,-85.0035333333,0,98.2257319605,0,0,3,0,5,3,si
41465,16.0,0.0,39.811396875,2,-86.3691375,0,135.635880293,0,0,3,0,9,4,si
54701,19.0,0.0,39.4439,2,-86.5405,0,168.351039962,0,0,0,1,7,2,si
1196027,3.23333333333,0.0,39.4775,0,-85.14125,0,70.4789977474,0,0,3,0,12,2,no
33794,8.58333333333,0.0,38.336975,3,-86.225675,0,32.3526717098,0,0,3,0,1,2,si
17906,3.91666666667,1.75,39.7947583333,1,-85.8703138889,0,145.216210147,0,0,3,0,9,5,si
84202,43.0,0.0,37.955,3,-87.4927357143,0,67.975854436,0,0,0,0,3,6,no
33315,0.35,1.0,41.5486,0,-87.28315,0,30.1311784504,0,0,3,0,0,4,no
30448,1.0,0.0,38.25,1,-87.58,0,1.6862761328,0,0,3,0,3,2,no
1651,19.0,0.0,38.8,2,-85.65,0,2.1328433314,0,0,0,0,11,2,no
15524,36.0,0.0,38.5992,2,-86.69575,0,3.07115589279,0,0,0,0,1,4,si
68940,11.1833333333,1.0,39.9330227273,2,-86.1371363636,0,192.394438366,0,0,3,0,9,4,si
1212622,1.98333333333,0.88,38.5571428571,0,-86.1828571429,0,96.496605461,0,0,3,0,1,1,si
31790,5.46666666667,2.75,39.8643729167,3,-86.1719958333,0,141.287607044,0,0,3,0,9,4,si
12997,2.11666666667,0.0,38.45505,3,-86.7577666667,0,35.5333660853,0,0,0,0,1,4,si
50351,5.5,0.0,38.34845,3,-87.3946,0,31.9785256426,0,0,0,0,3,6,no
41736,0.95,0.0,38.1433916667,0,-87.50185,0,64.1639386042,0,0,3,0,3,3,no
54144,4.98333333333,0.88,40.7350666667,0,-86.4313666667,0,90.0300503825,0,0,3,0,13,4,no
29535,5.75,0.0,40.4425,2,-85.1564,0,11.736371615,0,0,0,0,8,4,no
13476,3.48333333333,0.0,39.378219697,0,-86.830669697,0,158.634406428,0,2,3,0,7,4,no
30206,41.5,0.0,39.0536,2,-85.8449,0,6.65032292504,0,0,0,0,11,2,no
30207,15.75,0.0,39.22865,2,-86.80815,0,4.51521110684,0,0,0,0,7,2,si
44878,5.86666666667,0.0,41.33,0,-85.7266666667,0,59.0115749347,0,0,3,0,4,1,no
65443,1.16666666667,0.0,37.88,1,-87.05,0,1.32944756907,0,0,0,0,3,8,no
1203411,0.75,1.0,41.495,0,-85.4575,0,41.685628263,0,0,0,0,4,3,no
39308,1.38333333333,1.0,39.6833333333,0,-86.9066666667,0,145.956065585,0,0,0,0,7,1,no
8574,1.46666666667,1.75,38.4564214286,0,-85.7725357143,0,71.9026661363,0,0,3,0,11,1,no
87542,4.66666666667,0.0,41.525825,2,-87.43285,0,20.4475477548,0,0,0,0,0,1,no
41182,4.95,0.0,39.7685647059,2,-86.5213352941,0,138.656933844,0,1,3,0,7,3,si
48983,20.0,0.0,40.5426,2,-85.6367,0,2.13155550745,0,0,0,0,8,4,no
48985,2.03333333333,0.75,40.7994296296,0,-85.8303314815,0,115.229950976,0,2,3,0,8,2,no
55380,1.76666666667,0.0,41.2424777778,0,-85.4301666667,0,76.9494492985,0,0,3,0,4,1,no
1201536,0.65,0.0,37.98625,0,-87.375,0,42.8939962614,0,4,0,0,3,13,no
25910,4.35,1.0,40.87733,0,-85.86963,0,118.933134485,0,2,3,0,8,2,no
1215253,6.41666666667,0.0,39.275,0,-86.87,0,145.930695969,0,0,3,0,7,5,si
4667,4.58333333333,0.0,41.425,2,-87.47,0,24.3123807003,0,0,0,0,0,1,no
77146,0.266666666667,0.0,39.745,0,-85.015,0,19.9387408374,0,0,3,0,12,2,no
22685,2.95,0.0,38.6026,3,-87.23975,0,9.88619536813,0,0,0,0,6,1,no
1205801,2.0,0.0,38.03,3,-87.6,0,2.17697331186,0,0,0,0,3,6,no
52843,7.95,3.0,39.6834947368,0,-86.1436263158,0,151.42735047,0,0,3,0,9,5,si
75812,3.48333333333,0.0,41.4560869565,0,-86.0395652174,0,146.156034391,0,0,3,0,4,1,no
9913,40.3333333333,0.75,41.4314058824,3,-87.3360529412,0,118.28353972,0,0,3,0,0,3,no
32329,24.6666666667,1.0,39.5377791667,3,-85.1479125,0,56.9930164221,0,0,3,0,12,3,no
1199126,0.733333333333,0.0,38.2425,0,-87.395,0,45.7478779371,0,0,3,0,3,3,no
46333,1.41666666667,0.0,39.056,0,-86.50715,0,90.7376789201,0,0,3,0,7,5,si
52061,0.866666666667,1.75,39.0925,0,-85.1075,0,32.2215125586,0,0,3,0,5,3,si
46336,2.63333333333,0.88,39.695,0,-86.295,0,117.604054997,0,0,3,0,9,5,si
25464,8.85,0.0,39.83755,2,-86.9833625,0,116.212180001,0,0,3,0,10,3,si
13569,2.26666666667,0.75,41.443075,0,-86.491275,0,76.1190766027,0,0,3,0,13,4,no
43679,11.1666666667,0.0,39.6228111111,3,-86.9203277778,0,120.6560194,0,0,3,0,7,3,si
42079,6.25,0.0,41.1037090909,0,-85.9157272727,0,131.064966138,0,0,3,0,13,4,no
10052,0.533333333333,0.88,39.775,0,-85.095,0,17.0729662119,0,0,0,0,12,1,no
52661,0.6,0.0,38.04195,0,-87.053075,0,34.3973110329,0,2,3,0,3,3,no
52665,1.33333333333,0.0,37.94465,0,-87.31025,0,25.7078040387,0,0,3,0,3,3,no
41928,6.73333333333,1.75,39.319312931,3,-86.5454275862,0,191.533929915,0,0,3,0,7,3,si
84143,7.96666666667,1.75,38.4572863636,3,-85.9012272727,0,72.71696834,0,0,3,0,11,1,no
1206694,1.58333333333,1.0,40.595,0,-85.21,0,51.5544641392,0,2,0,0,8,5,no
45823,2.35,0.0,38.3679666667,0,-86.4681444444,0,93.9763778861,0,0,3,0,1,1,si
70269,2.51666666667,0.0,38.396675,0,-86.147275,0,89.2211670067,0,1,3,0,1,1,si
20765,1.36666666667,0.75,39.1207125,0,-85.2104,0,76.8881950164,0,0,3,0,5,3,si
10433,5.06666666667,0.88,41.0053738095,0,-85.5013880952,0,145.864573971,0,0,3,0,8,1,no
49368,1.56666666667,1.0,38.1638681818,0,-87.4381545455,0,72.8570488388,0,2,3,0,3,4,no
1205605,3.96666666667,1.75,39.79,0,-86.3701136364,0,168.396791383,0,3,3,0,9,5,si
1205607,11.0,1.75,40.216,2,-86.428,0,153.686715769,0,0,0,0,10,2,no
1205606,4.0,0.0,39.30875,2,-86.57625,0,118.158979613,0,0,3,1,7,3,si
1205602,1.81666666667,1.5,40.65,0,-85.5854545455,0,76.133680781,0,0,3,0,8,1,no
44406,0.983333333333,1.75,40.5616181818,0,-85.6334545455,0,55.2698968382,0,0,3,0,8,1,no
29301,1.48333333333,0.88,37.94147,0,-87.55011,0,59.0237740739,0,1,3,0,3,3,no
33308,24.0,0.0,41.3988666667,1,-87.1024666667,0,31.6789636472,0,0,0,0,0,1,no
14289,17.15,0.0,38.65945,2,-86.80185,0,2.69139803035,0,0,0,0,6,1,no
18057,5.36666666667,1.75,41.29624,0,-87.14319,0,55.6298377307,0,0,0,0,0,2,no
18054,1.36666666667,1.25,40.992925,0,-87.148575,0,48.8927794726,0,0,3,0,14,4,no
76426,2.48333333333,0.0,40.798178,0,-85.668404,0,120.586261209,0,2,3,0,8,2,no
76424,7.91666666667,0.0,40.57235,3,-85.3784,0,64.1387735399,0,0,3,0,8,3,no
59909,13.5833333333,0.0,38.80185,2,-85.67795,0,3.1293881547,0,0,0,0,11,2,no
54157,18.95,1.0,39.8825907407,3,-86.0725074074,0,250.228469907,0,0,3,0,9,4,si
12963,0.616666666667,0.0,40.565,0,-85.93,0,31.2466390553,0,0,3,0,2,3,si
5436,2.6,0.0,38.04445,0,-87.53,0,7.7885895341,0,0,3,0,3,3,no
4982,1.18333333333,0.88,40.5217833333,0,-86.8967333333,0,42.411468885,0,0,0,0,10,1,no
81003,25.45,0.88,38.0147785714,3,-87.2581357143,0,64.1900521574,0,0,3,0,3,1,no
34170,44.0,0.0,38.513,2,-87.28585,0,2.26175125331,0,0,0,0,3,7,si
35882,2.75,0.0,37.98,1,-87.55,0,1.32944756907,0,0,0,0,3,8,no
50722,2.46666666667,1.0,41.1018333333,0,-87.27535,0,90.7677842281,0,2,3,0,14,4,no
86762,14.4166666667,1.0,38.2311,0,-86.24502,0,79.3374541692,0,0,3,1,1,1,si
4050,0.483333333333,0.88,41.1166666667,0,-85.1633333333,0,10.7863473375,0,0,0,0,8,5,no
74606,1.7,0.0,38.2671083333,1,-87.2235583333,0,62.9692009729,0,2,3,0,3,5,no
72723,13.0333333333,0.75,41.01274,0,-87.3181,0,50.4235071071,0,0,3,0,14,4,no
62725,0.383333333333,0.88,39.33015,0,-84.846,0,15.4430933018,0,0,0,0,5,2,no
87826,1.75,0.0,37.98,1,-87.6051,0,15.7897439427,0,0,0,0,3,8,no
1215249,0.4,0.88,39.75,0,-85.375,0,13.9602406999,0,1,0,0,12,1,no
50436,2.01666666667,0.88,39.13285,0,-85.865,0,76.4005120385,0,0,3,0,11,1,no
1215760,3.61666666667,0.0,40.8,0,-86.65,0,48.6464093632,0,0,3,0,13,4,no
62686,1.01666666667,0.88,41.2436,0,-87.3934666667,0,71.0756337005,0,0,3,0,0,4,no
51702,2.58333333333,2.5,40.608,0,-85.15,0,63.7650000398,0,0,0,0,8,5,no
87956,4.5,0.0,39.2646666667,3,-87.23365,0,117.343616637,0,1,3,0,6,2,no
87955,3.33333333333,0.0,41.3671131579,0,-87.3388026316,0,49.4747842444,0,2,3,0,0,4,no
75820,17.4166666667,0.0,41.494925,3,-85.727785,0,153.296158624,0,0,3,0,4,3,no
21006,0.866666666667,0.0,38.0933333333,0,-87.5133333333,0,38.6873015658,0,0,3,0,3,3,no
61187,8.53333333333,1.75,39.71726,0,-86.51689,0,142.246526042,0,0,3,1,7,5,si
61189,7.31666666667,1.75,39.2716730769,2,-86.469075,0,181.320262261,0,0,3,0,7,3,si
61188,1.61666666667,1.0,39.46505,0,-86.09705,0,44.7418082752,0,0,3,0,9,5,si
86972,6.25,0.0,39.54754375,3,-86.59734375,0,53.375258917,0,2,3,0,7,3,si
56157,1.15,0.0,40.7133333333,0,-86.29,0,39.8030754587,0,0,3,0,13,4,no
27162,11.9333333333,0.0,41.2575,3,-87.0301,0,5.7906122084,0,0,0,0,0,1,no
63722,1.13333333333,1.0,39.2127,0,-84.9143333333,0,31.1952808246,0,2,3,0,5,3,si
24985,2.11666666667,0.0,41.24205,0,-86.46405,0,59.1315480929,0,0,3,0,13,4,no
19894,39.0,0.0,39.3947284314,3,-86.5191901961,0,127.141003628,0,0,0,0,7,2,si
81638,74.0,0.0,38.271275,2,-87.6822083333,0,59.4821314383,0,0,0,0,3,7,si
19891,9.41666666667,1.75,39.27997,3,-86.7271657143,0,129.199030507,0,0,3,0,7,3,si
17245,1.08333333333,0.0,41.64165,0,-87.2678,0,26.7066119804,0,0,3,0,0,4,no
17025,4.41666666667,0.0,38.4840166667,3,-86.477,0,62.7338978008,0,0,3,0,1,2,si
49204,89.0,0.0,38.38265,2,-87.41745,0,9.05594225478,0,0,0,0,3,7,si
17020,93.6666666667,0.0,38.41569,2,-86.20917,0,104.176608508,0,0,0,0,1,4,si
10042,0.5,1.0,39.80955,0,-84.9266,0,10.6180682319,0,0,0,0,12,1,no
1213147,1.41666666667,0.0,39.4375,0,-86.2525,0,94.5659380113,0,0,3,0,9,5,si
1213146,8.5,0.75,38.985,0,-86.209,0,98.6481750637,0,2,3,0,11,1,no
1213141,4.4,2.0,41.3914814815,0,-85.7748148148,0,138.165325148,0,0,3,0,4,1,no
4804,2.05,1.0,38.394,0,-86.38262,0,60.0513912498,0,0,3,0,1,1,si
90232,0.7,0.0,37.99059,0,-87.59143,0,46.4141242557,0,2,3,0,3,3,no
64919,2.9,0.0,38.6320307692,0,-85.8647769231,0,125.924586792,0,0,3,0,11,3,no
44758,0.316666666667,0.0,41.1486875,0,-87.0591375,0,57.788646378,0,1,3,0,14,4,no
59844,1.95,0.0,39.35625,2,-85.115,0,61.6518911972,0,0,0,0,5,1,no
1207806,2.23333333333,1.75,40.6681818182,0,-87.2990909091,0,53.1698614367,0,1,0,0,14,3,no
83801,1.01666666667,1.75,38.2133333333,0,-86.43,0,20.026033941,0,0,0,0,1,3,si
10426,2.26666666667,1.25,41.675,0,-86.3833333333,0,90.5401834494,0,0,3,0,13,4,no
15722,34.1666666667,0.0,38.7962,2,-85.6644,0,3.82453340832,0,0,0,0,11,2,no
15721,22.6666666667,0.0,38.7978,2,-85.66315,0,3.62977481578,0,0,0,0,11,2,no
64621,3.41666666667,1.0,41.0947166667,0,-85.4801333333,0,91.4208386521,0,0,3,0,8,1,no
40198,20.1333333333,0.0,38.4802666667,2,-86.5295333333,0,109.907796591,0,0,3,1,1,2,si
64613,3.28333333333,1.5,41.0951724138,0,-85.7424137931,0,133.879656365,0,0,3,0,4,1,no
1201867,11.1333333333,0.0,39.785,2,-85.225,0,22.6216453551,0,0,3,0,12,3,no
1201863,1.11666666667,0.88,39.68,0,-85.055,0,39.2752930485,0,0,3,0,12,2,no
44304,0.833333333333,0.0,40.50805,0,-86.22815,0,31.5581123171,0,0,3,0,2,3,si
30860,3.25,0.0,41.2854,3,-85.8194,0,17.3409365152,0,0,0,0,4,2,no
2818,5.0,0.0,38.0125,1,-87.275,0,45.9806069832,0,0,0,0,3,8,no
17813,0.416666666667,1.0,38.7775,0,-85.695,0,15.2837879577,0,0,3,0,11,1,no
45985,4.25,0.0,38.1966333333,2,-87.4200333333,0,46.8169147467,0,0,0,1,3,7,si
1215491,0.416666666667,0.0,41.5316666667,0,-87.1666666667,0,26.5341864084,0,0,3,0,0,4,no
3378,93.9833333333,0.0,38.49,2,-87.405,0,16.1196886398,0,0,0,0,3,7,si
3374,38.9833333333,0.0,38.265,2,-87.83,0,24.2219882227,0,0,0,0,3,7,si
1215300,2.16666666667,0.0,38.615,0,-86.225,0,85.9035677045,0,0,3,0,1,1,si
29826,45.9833333333,0.0,38.51775,2,-87.26815,0,6.04149567842,0,0,0,0,3,7,si
29825,5.13333333333,0.0,41.64335,3,-87.1434,0,12.9195142928,0,0,0,0,0,1,no
67820,1.56666666667,0.0,39.83006,0,-86.21446,0,93.3839930033,0,0,3,0,9,5,si
67821,10.6,1.0,39.6414857143,2,-86.10225,0,63.1159308849,0,0,3,0,9,4,si
67822,3.63333333333,2.25,40.0210388889,0,-86.6541583333,0,121.292635728,0,0,3,0,10,4,si
67823,8.25,1.75,39.3884066667,0,-87.1180466667,0,176.291686715,0,0,3,0,6,3,si
67358,1.85,0.0,39.3901,0,-85.018375,0,44.8686291371,0,0,3,0,5,3,si
52504,25.4666666667,4.25,39.5423974453,3,-86.269299635,0,197.09494738,0,4,3,1,9,3,si
44897,2.43333333333,0.0,40.98067,0,-85.5265683333,0,167.637826314,0,2,3,0,8,2,no
44892,4.03333333333,0.0,40.621025,3,-86.125925,0,32.1341902334,0,0,0,0,2,1,si
44893,7.88333333333,0.0,41.042625,3,-85.979525,0,154.642985383,0,0,3,0,13,5,no
50733,0.55,1.0,39.3849375,0,-85.0901041667,0,92.3828476717,0,1,3,0,5,3,si
45,0.933333333333,1.0,39.8,0,-85.175,0,19.0293137469,0,0,3,0,12,2,no
40,8.35,0.88,41.458,0,-86.326,0,124.929344009,0,0,3,0,13,4,no
30084,21.25,0.0,39.555622973,3,-86.4609837838,0,175.653159981,0,0,3,1,7,3,si
30082,6.95,0.0,40.335275,3,-86.628925,0,29.9415153562,0,0,0,0,10,2,no
61673,2.11666666667,1.25,38.676175,3,-85.729975,0,37.4882266095,0,0,0,0,11,3,no
8555,0.383333333333,1.25,38.705,0,-85.38,0,22.2027865511,0,0,0,0,11,3,no
89571,5.93333333333,0.75,41.33875,0,-85.525,0,96.3344031708,0,0,3,0,4,1,no
76897,1.9,0.0,38.005,1,-87.4025,0,18.1214224821,0,0,0,0,3,8,no
39212,0.783333333333,0.0,39.87165,0,-84.9222,0,18.4935892821,0,0,3,0,12,2,no
87819,1.51666666667,0.75,41.3018197368,0,-85.515175,0,118.935472637,0,2,3,0,4,3,no
15071,53.75,0.0,41.1403875,3,-85.4884958333,0,122.054547916,0,0,0,0,8,4,no
87816,4.48333333333,1.25,41.5261125,0,-86.4867770833,0,73.0639074247,0,2,3,0,13,3,no
87760,2.01666666667,0.75,41.27,0,-85.7,0,112.955666723,0,0,3,0,4,1,no
50424,0.3,1.0,39.805,0,-86.815,0,12.5219660416,0,0,0,0,10,1,no
65526,0.316666666667,0.0,41.5328,0,-87.335,0,28.9648840494,0,0,3,0,0,4,no
